Number of nodes 2407 
     0 :  0.0000000e+00  0.0000000e+00 
     1 :  0.0000000e+00  1.0000000e-01 
     2 :  2.0000000e-01  8.1900000e-01 
     3 :  1.2079153e-01  5.2978328e-01 
     4 :  1.1981128e-01  5.2488031e-01 
     5 :  7.8000000e-02  1.0000000e-01 
     6 :  7.8000000e-02  0.0000000e+00 
     7 :  4.8750000e-03  0.0000000e+00 
     8 :  9.7500000e-03  0.0000000e+00 
     9 :  1.4625000e-02  0.0000000e+00 
    10 :  1.9500000e-02  0.0000000e+00 
    11 :  2.4375000e-02  0.0000000e+00 
    12 :  2.9250000e-02  0.0000000e+00 
    13 :  3.4125000e-02  0.0000000e+00 
    14 :  3.9000000e-02  0.0000000e+00 
    15 :  4.3875000e-02  0.0000000e+00 
    16 :  4.8750000e-02  0.0000000e+00 
    17 :  5.3625000e-02  0.0000000e+00 
    18 :  5.8500000e-02  0.0000000e+00 
    19 :  6.3375000e-02  0.0000000e+00 
    20 :  6.8250000e-02  0.0000000e+00 
    21 :  7.3125000e-02  0.0000000e+00 
    22 :  7.8000000e-02  5.0000000e-03 
    23 :  7.8000000e-02  1.0000000e-02 
    24 :  7.8000000e-02  1.5000000e-02 
    25 :  7.8000000e-02  2.0000000e-02 
    26 :  7.8000000e-02  2.5000000e-02 
    27 :  7.8000000e-02  3.0000000e-02 
    28 :  7.8000000e-02  3.5000000e-02 
    29 :  7.8000000e-02  4.0000000e-02 
    30 :  7.8000000e-02  4.5000000e-02 
    31 :  7.8000000e-02  5.0000000e-02 
    32 :  7.8000000e-02  5.5000000e-02 
    33 :  7.8000000e-02  6.0000000e-02 
    34 :  7.8000000e-02  6.5000000e-02 
    35 :  7.8000000e-02  7.0000000e-02 
    36 :  7.8000000e-02  7.5000000e-02 
    37 :  7.8000000e-02  8.0000000e-02 
    38 :  7.8000000e-02  8.5000000e-02 
    39 :  7.8000000e-02  9.0000000e-02 
    40 :  7.8000000e-02  9.5000000e-02 
    41 :  7.8005671e-02  1.0497230e-01 
    42 :  7.8022686e-02  1.0994457e-01 
    43 :  7.8051042e-02  1.1491679e-01 
    44 :  7.8090742e-02  1.1988894e-01 
    45 :  7.8141783e-02  1.2486098e-01 
    46 :  7.8204167e-02  1.2983289e-01 
    47 :  7.8277892e-02  1.3480464e-01 
    48 :  7.8362959e-02  1.3977621e-01 
    49 :  7.8459367e-02  1.4474758e-01 
    50 :  7.8567115e-02  1.4971872e-01 
    51 :  7.8686203e-02  1.5468959e-01 
    52 :  7.8816630e-02  1.5966018e-01 
    53 :  7.8958396e-02  1.6463046e-01 
    54 :  7.9111499e-02  1.6960041e-01 
    55 :  7.9275939e-02  1.7456999e-01 
    56 :  7.9451716e-02  1.7953918e-01 
    57 :  7.9638828e-02  1.8450796e-01 
    58 :  7.9837274e-02  1.8947630e-01 
    59 :  8.0047053e-02  1.9444418e-01 
    60 :  8.0268165e-02  1.9941156e-01 
    61 :  8.0500607e-02  2.0437843e-01 
    62 :  8.0744379e-02  2.0934475e-01 
    63 :  8.0999480e-02  2.1431050e-01 
    64 :  8.1265908e-02  2.1927566e-01 
    65 :  8.1543661e-02  2.2424020e-01 
    66 :  8.1832739e-02  2.2920409e-01 
    67 :  8.2133140e-02  2.3416731e-01 
    68 :  8.2444862e-02  2.3912983e-01 
    69 :  8.2767904e-02  2.4409163e-01 
    70 :  8.3102264e-02  2.4905267e-01 
    71 :  8.3447940e-02  2.5401295e-01 
    72 :  8.3804930e-02  2.5897242e-01 
    73 :  8.4173233e-02  2.6393106e-01 
    74 :  8.4552847e-02  2.6888885e-01 
    75 :  8.4943769e-02  2.7384576e-01 
    76 :  8.5345998e-02  2.7880177e-01 
    77 :  8.5759531e-02  2.8375684e-01 
    78 :  8.6184367e-02  2.8871096e-01 
    79 :  8.6620504e-02  2.9366410e-01 
    80 :  8.7067938e-02  2.9861623e-01 
    81 :  8.7526667e-02  3.0356732e-01 
    82 :  8.7996690e-02  3.0851736e-01 
    83 :  8.8478004e-02  3.1346631e-01 
    84 :  8.8970606e-02  3.1841415e-01 
    85 :  8.9474493e-02  3.2336086e-01 
    86 :  8.9989664e-02  3.2830640e-01 
    87 :  9.0516115e-02  3.3325075e-01 
    88 :  9.1053844e-02  3.3819389e-01 
    89 :  9.1602847e-02  3.4313579e-01 
    90 :  9.2163123e-02  3.4807643e-01 
    91 :  9.2734667e-02  3.5301577e-01 
    92 :  9.3317478e-02  3.5795380e-01 
    93 :  9.3911552e-02  3.6289048e-01 
    94 :  9.4516886e-02  3.6782580e-01 
    95 :  9.5133476e-02  3.7275973e-01 
    96 :  9.5761321e-02  3.7769223e-01 
    97 :  9.6400415e-02  3.8262329e-01 
    98 :  9.7050757e-02  3.8755288e-01 
    99 :  9.7712342e-02  3.9248097e-01 
   100 :  9.8385168e-02  3.9740754e-01 
   101 :  9.9069230e-02  4.0233256e-01 
   102 :  9.9764525e-02  4.0725601e-01 
   103 :  1.0047105e-01  4.1217786e-01 
   104 :  1.0118880e-01  4.1709809e-01 
   105 :  1.0191777e-01  4.2201666e-01 
   106 :  1.0265796e-01  4.2693356e-01 
   107 :  1.0340937e-01  4.3184876e-01 
   108 :  1.0417199e-01  4.3676223e-01 
   109 :  1.0494581e-01  4.4167395e-01 
   110 :  1.0573083e-01  4.4658389e-01 
   111 :  1.0652706e-01  4.5149203e-01 
   112 :  1.0733448e-01  4.5639834e-01 
   113 :  1.0815308e-01  4.6130279e-01 
   114 :  1.0898288e-01  4.6620536e-01 
   115 :  1.0982385e-01  4.7110603e-01 
   116 :  1.1067601e-01  4.7600477e-01 
   117 :  1.1153933e-01  4.8090155e-01 
   118 :  1.1241383e-01  4.8579634e-01 
   119 :  1.1329948e-01  4.9068913e-01 
   120 :  1.1419630e-01  4.9557989e-01 
   121 :  1.1510427e-01  5.0046859e-01 
   122 :  1.1602339e-01  5.0535520e-01 
   123 :  1.1695366e-01  5.1023971e-01 
   124 :  1.1789506e-01  5.1512208e-01 
   125 :  1.1884761e-01  5.2000229e-01 
   126 :  1.2176703e-01  5.3460534e-01 
   127 :  1.2275341e-01  5.3942518e-01 
   128 :  1.2375067e-01  5.4424278e-01 
   129 :  1.2475879e-01  5.4905813e-01 
   130 :  1.2577778e-01  5.5387118e-01 
   131 :  1.2680764e-01  5.5868192e-01 
   132 :  1.2784834e-01  5.6349032e-01 
   133 :  1.2889990e-01  5.6829637e-01 
   134 :  1.2996231e-01  5.7310002e-01 
   135 :  1.3103555e-01  5.7790127e-01 
   136 :  1.3211963e-01  5.8270008e-01 
   137 :  1.3321453e-01  5.8749644e-01 
   138 :  1.3432026e-01  5.9229031e-01 
   139 :  1.3543681e-01  5.9708167e-01 
   140 :  1.3656417e-01  6.0187050e-01 
   141 :  1.3770233e-01  6.0665677e-01 
   142 :  1.3885129e-01  6.1144046e-01 
   143 :  1.4001105e-01  6.1622155e-01 
   144 :  1.4118160e-01  6.2100001e-01 
   145 :  1.4236293e-01  6.2577581e-01 
   146 :  1.4355503e-01  6.3054893e-01 
   147 :  1.4475791e-01  6.3531935e-01 
   148 :  1.4597154e-01  6.4008705e-01 
   149 :  1.4719594e-01  6.4485199e-01 
   150 :  1.4843109e-01  6.4961416e-01 
   151 :  1.4967699e-01  6.5437352e-01 
   152 :  1.5093362e-01  6.5913007e-01 
   153 :  1.5220099e-01  6.6388376e-01 
   154 :  1.5347908e-01  6.6863458e-01 
   155 :  1.5476789e-01  6.7338251e-01 
   156 :  1.5606742e-01  6.7812751e-01 
   157 :  1.5737765e-01  6.8286957e-01 
   158 :  1.5869858e-01  6.8760866e-01 
   159 :  1.6003020e-01  6.9234475e-01 
   160 :  1.6137252e-01  6.9707783e-01 
   161 :  1.6272551e-01  7.0180787e-01 
   162 :  1.6408917e-01  7.0653484e-01 
   163 :  1.6546350e-01  7.1125872e-01 
   164 :  1.6684849e-01  7.1597948e-01 
   165 :  1.6824413e-01  7.2069711e-01 
   166 :  1.6965041e-01  7.2541158e-01 
   167 :  1.7106733e-01  7.3012286e-01 
   168 :  1.7249488e-01  7.3483093e-01 
   169 :  1.7393306e-01  7.3953576e-01 
   170 :  1.7538184e-01  7.4423734e-01 
   171 :  1.7684124e-01  7.4893564e-01 
   172 :  1.7831124e-01  7.5363063e-01 
   173 :  1.7979183e-01  7.5832229e-01 
   174 :  1.8128301e-01  7.6301059e-01 
   175 :  1.8278476e-01  7.6769552e-01 
   176 :  1.8429709e-01  7.7237705e-01 
   177 :  1.8581998e-01  7.7705515e-01 
   178 :  1.8735342e-01  7.8172980e-01 
   179 :  1.8889741e-01  7.8640098e-01 
   180 :  1.9045194e-01  7.9106867e-01 
   181 :  1.9201700e-01  7.9573283e-01 
   182 :  1.9359259e-01  8.0039345e-01 
   183 :  1.9517869e-01  8.0505050e-01 
   184 :  1.9677530e-01  8.0970395e-01 
   185 :  1.9838240e-01  8.1435380e-01 
   186 :  1.9744091e-01  8.1473878e-01 
   187 :  1.9489705e-01  8.1046845e-01 
   188 :  1.9236845e-01  8.0618907e-01 
   189 :  1.8985514e-01  8.0190068e-01 
   190 :  1.8735716e-01  7.9760336e-01 
   191 :  1.8487453e-01  7.9329714e-01 
   192 :  1.8240729e-01  7.8898209e-01 
   193 :  1.7995547e-01  7.8465825e-01 
   194 :  1.7751910e-01  7.8032570e-01 
   195 :  1.7509822e-01  7.7598447e-01 
   196 :  1.7269284e-01  7.7163463e-01 
   197 :  1.7030301e-01  7.6727623e-01 
   198 :  1.6792875e-01  7.6290932e-01 
   199 :  1.6557010e-01  7.5853397e-01 
   200 :  1.6322708e-01  7.5415023e-01 
   201 :  1.6089973e-01  7.4975815e-01 
   202 :  1.5858807e-01  7.4535778e-01 
   203 :  1.5629213e-01  7.4094920e-01 
   204 :  1.5401195e-01  7.3653245e-01 
   205 :  1.5174754e-01  7.3210758e-01 
   206 :  1.4949895e-01  7.2767466e-01 
   207 :  1.4726619e-01  7.2323375e-01 
   208 :  1.4504931e-01  7.1878489e-01 
   209 :  1.4284832e-01  7.1432814e-01 
   210 :  1.4066325e-01  7.0986357e-01 
   211 :  1.3849413e-01  7.0539122e-01 
   212 :  1.3634100e-01  7.0091116e-01 
   213 :  1.3420387e-01  6.9642344e-01 
   214 :  1.3208277e-01  6.9192812e-01 
   215 :  1.2997773e-01  6.8742526e-01 
   216 :  1.2788879e-01  6.8291491e-01 
   217 :  1.2581595e-01  6.7839713e-01 
   218 :  1.2375926e-01  6.7387198e-01 
   219 :  1.2171874e-01  6.6933952e-01 
   220 :  1.1969440e-01  6.6479981e-01 
   221 :  1.1768629e-01  6.6025289e-01 
   222 :  1.1569442e-01  6.5569884e-01 
   223 :  1.1371882e-01  6.5113770e-01 
   224 :  1.1175952e-01  6.4656955e-01 
   225 :  1.0981653e-01  6.4199442e-01 
   226 :  1.0788989e-01  6.3741239e-01 
   227 :  1.0597962e-01  6.3282351e-01 
   228 :  1.0408574e-01  6.2822784e-01 
   229 :  1.0220828e-01  6.2362544e-01 
   230 :  1.0034726e-01  6.1901637e-01 
   231 :  9.8502712e-02  6.1440068e-01 
   232 :  9.6674648e-02  6.0977844e-01 
   233 :  9.4863097e-02  6.0514970e-01 
   234 :  9.3068080e-02  6.0051452e-01 
   235 :  9.1289622e-02  5.9587297e-01 
   236 :  8.9527744e-02  5.9122509e-01 
   237 :  8.7782470e-02  5.8657096e-01 
   238 :  8.6053821e-02  5.8191062e-01 
   239 :  8.4341819e-02  5.7724415e-01 
   240 :  8.2646487e-02  5.7257159e-01 
   241 :  8.0967846e-02  5.6789301e-01 
   242 :  7.9305917e-02  5.6320847e-01 
   243 :  7.7660722e-02  5.5851802e-01 
   244 :  7.6032280e-02  5.5382174e-01 
   245 :  7.4420615e-02  5.4911966e-01 
   246 :  7.2825745e-02  5.4441187e-01 
   247 :  7.1247690e-02  5.3969841e-01 
   248 :  6.9686473e-02  5.3497935e-01 
   249 :  6.8142111e-02  5.3025474e-01 
   250 :  6.6614625e-02  5.2552465e-01 
   251 :  6.5104034e-02  5.2078914e-01 
   252 :  6.3610357e-02  5.1604827e-01 
   253 :  6.2133614e-02  5.1130210e-01 
   254 :  6.0673824e-02  5.0655068e-01 
   255 :  5.9231004e-02  5.0179408e-01 
   256 :  5.7805174e-02  4.9703236e-01 
   257 :  5.6396351e-02  4.9226559e-01 
   258 :  5.5004553e-02  4.8749381e-01 
   259 :  5.3629799e-02  4.8271710e-01 
   260 :  5.2272105e-02  4.7793551e-01 
   261 :  5.0931490e-02  4.7314910e-01 
   262 :  4.9607969e-02  4.6835794e-01 
   263 :  4.8301560e-02  4.6356208e-01 
   264 :  4.7012280e-02  4.5876159e-01 
   265 :  4.5740145e-02  4.5395653e-01 
   266 :  4.4485171e-02  4.4914696e-01 
   267 :  4.3247374e-02  4.4433293e-01 
   268 :  4.2026771e-02  4.3951452e-01 
   269 :  4.0823376e-02  4.3469179e-01 
   270 :  3.9637204e-02  4.2986479e-01 
   271 :  3.8468272e-02  4.2503358e-01 
   272 :  3.7316594e-02  4.2019823e-01 
   273 :  3.6182184e-02  4.1535881e-01 
   274 :  3.5065057e-02  4.1051536e-01 
   275 :  3.3965228e-02  4.0566796e-01 
   276 :  3.2882709e-02  4.0081666e-01 
   277 :  3.1817516e-02  3.9596152e-01 
   278 :  3.0769662e-02  3.9110262e-01 
   279 :  2.9739159e-02  3.8624001e-01 
   280 :  2.8726022e-02  3.8137375e-01 
   281 :  2.7730262e-02  3.7650390e-01 
   282 :  2.6751894e-02  3.7163053e-01 
   283 :  2.5790928e-02  3.6675370e-01 
   284 :  2.4847378e-02  3.6187346e-01 
   285 :  2.3921256e-02  3.5698990e-01 
   286 :  2.3012573e-02  3.5210305e-01 
   287 :  2.2121340e-02  3.4721300e-01 
   288 :  2.1247570e-02  3.4231979e-01 
   289 :  2.0391273e-02  3.3742349e-01 
   290 :  1.9552461e-02  3.3252417e-01 
   291 :  1.8731143e-02  3.2762189e-01 
   292 :  1.7927331e-02  3.2271671e-01 
   293 :  1.7141034e-02  3.1780868e-01 
   294 :  1.6372263e-02  3.1289789e-01 
   295 :  1.5621028e-02  3.0798437e-01 
   296 :  1.4887337e-02  3.0306821e-01 
   297 :  1.4171202e-02  2.9814946e-01 
   298 :  1.3472629e-02  2.9322819e-01 
   299 :  1.2791629e-02  2.8830445e-01 
   300 :  1.2128210e-02  2.8337832e-01 
   301 :  1.1482381e-02  2.7844984e-01 
   302 :  1.0854149e-02  2.7351909e-01 
   303 :  1.0243523e-02  2.6858614e-01 
   304 :  9.6505111e-03  2.6365103e-01 
   305 :  9.0751200e-03  2.5871384e-01 
   306 :  8.5173573e-03  2.5377462e-01 
   307 :  7.9772303e-03  2.4883345e-01 
   308 :  7.4547457e-03  2.4389037e-01 
   309 :  6.9499102e-03  2.3894547e-01 
   310 :  6.4627302e-03  2.3399879e-01 
   311 :  5.9932120e-03  2.2905041e-01 
   312 :  5.5413616e-03  2.2410038e-01 
   313 :  5.1071846e-03  2.1914877e-01 
   314 :  4.6906867e-03  2.1419564e-01 
   315 :  4.2918731e-03  2.0924106e-01 
   316 :  3.9107489e-03  2.0428509e-01 
   317 :  3.5473190e-03  1.9932778e-01 
   318 :  3.2015880e-03  1.9436921e-01 
   319 :  2.8735603e-03  1.8940944e-01 
   320 :  2.5632401e-03  1.8444853e-01 
   321 :  2.2706314e-03  1.7948654e-01 
   322 :  1.9957378e-03  1.7452354e-01 
   323 :  1.7385629e-03  1.6955959e-01 
   324 :  1.4991100e-03  1.6459475e-01 
   325 :  1.2773821e-03  1.5962909e-01 
   326 :  1.0733820e-03  1.5466267e-01 
   327 :  8.8711234e-04  1.4969555e-01 
   328 :  7.1857550e-04  1.4472780e-01 
   329 :  5.6777361e-04  1.3975948e-01 
   330 :  4.3470859e-04  1.3479066e-01 
   331 :  3.1938215e-04  1.2982138e-01 
   332 :  2.2179575e-04  1.2485173e-01 
   333 :  1.4195064e-04  1.1988177e-01 
   334 :  7.9847827e-05  1.1491155e-01 
   335 :  3.5488112e-05  1.0994114e-01 
   336 :  8.8720561e-06  1.0497060e-01 
   337 :  0.0000000e+00  9.5000000e-02 
   338 :  0.0000000e+00  9.0000000e-02 
   339 :  0.0000000e+00  8.5000000e-02 
   340 :  0.0000000e+00  8.0000000e-02 
   341 :  0.0000000e+00  7.5000000e-02 
   342 :  0.0000000e+00  7.0000000e-02 
   343 :  0.0000000e+00  6.5000000e-02 
   344 :  0.0000000e+00  6.0000000e-02 
   345 :  0.0000000e+00  5.5000000e-02 
   346 :  0.0000000e+00  5.0000000e-02 
   347 :  0.0000000e+00  4.5000000e-02 
   348 :  0.0000000e+00  4.0000000e-02 
   349 :  0.0000000e+00  3.5000000e-02 
   350 :  0.0000000e+00  3.0000000e-02 
   351 :  0.0000000e+00  2.5000000e-02 
   352 :  0.0000000e+00  2.0000000e-02 
   353 :  0.0000000e+00  1.5000000e-02 
   354 :  0.0000000e+00  1.0000000e-02 
   355 :  0.0000000e+00  5.0000000e-03 
   356 :  4.3153352e-03  1.0247954e-01 
   357 :  4.4859908e-03  1.2229760e-01 
   358 :  5.4926724e-03  1.4196716e-01 
   359 :  7.3420796e-02  7.7885275e-02 
   360 :  4.0925204e-03  5.2591161e-02 
   361 :  5.9537918e-03  1.6174166e-01 
   362 :  7.5230411e-02  1.7720080e-01 
   363 :  7.5869786e-02  1.9708603e-01 
   364 :  9.6385666e-03  2.2104543e-01 
   365 :  1.1445835e-02  2.4067542e-01 
   366 :  7.3490706e-02  3.7473903e-02 
   367 :  7.3932206e-02  1.1254126e-01 
   368 :  7.3932457e-02  1.3238245e-01 
   369 :  1.3683019e-02  2.6111829e-01 
   370 :  7.4366558e-02  1.5223718e-01 
   371 :  7.6655244e-03  1.9251846e-01 
   372 :  8.0585528e-02  2.7169560e-01 
   373 :  4.2226366e-03  8.2430791e-02 
   374 :  7.3285266e-02  5.8165319e-02 
   375 :  3.7040681e-02  4.0890545e-03 
   376 :  8.1958924e-02  2.9173291e-01 
   377 :  7.7450653e-02  2.2696398e-01 
   378 :  8.3950737e-02  3.1141326e-01 
   379 :  7.8228749e-02  2.4662175e-01 
   380 :  2.5061446e-02  3.3908324e-01 
   381 :  1.6601456e-02  2.9006373e-01 
   382 :  2.0095461e-02  3.0980275e-01 
   383 :  2.8801370e-02  3.5845775e-01 
   384 :  9.0046508e-02  3.6586803e-01 
   385 :  8.7136117e-02  3.4133298e-01 
   386 :  3.5618184e-02  3.9257159e-01 
   387 :  9.4339239e-02  4.0053998e-01 
   388 :  4.3178178e-02  4.2645099e-01 
   389 :  9.9577679e-02  4.3500381e-01 
   390 :  5.2403725e-02  4.6520388e-01 
   391 :  4.0625438e-03  3.2497723e-02 
   392 :  1.0473898e-01  4.6960768e-01 
   393 :  4.7980149e-02  4.4568216e-01 
   394 :  6.2878492e-02  4.9839804e-01 
   395 :  9.7488874e-02  4.2034662e-01 
   396 :  1.0073940e-01  4.4937998e-01 
   397 :  9.2456437e-02  3.8565129e-01 
   398 :  8.5463052e-02  3.2630858e-01 
   399 :  7.6818608e-02  2.1224076e-01 
   400 :  7.3500044e-02  9.7415227e-02 
   401 :  4.6614238e-03  6.8365376e-02 
   402 :  1.1133190e-01  5.0370788e-01 
   403 :  6.3788133e-03  1.7683362e-01 
   404 :  7.6932917e-03  2.0590665e-01 
   405 :  1.5216288e-02  2.7548403e-01 
   406 :  2.2372317e-02  3.2429429e-01 
   407 :  3.1467449e-02  3.7307814e-01 
   408 :  3.8852972e-02  4.0704993e-01 
   409 :  5.7091931e-02  4.7915050e-01 
   410 :  1.1414475e-01  5.1838602e-01 
   411 :  1.0767954e-01  4.8414653e-01 
   412 :  5.1244360e-02  4.0274382e-03 
   413 :  1.1710185e-01  5.3304249e-01 
   414 :  6.7098908e-02  5.1221178e-01 
   415 :  1.2008504e-01  5.4752555e-01 
   416 :  7.1624418e-02  5.2683736e-01 
   417 :  1.2314899e-01  5.6197997e-01 
   418 :  7.5748832e-02  5.4124076e-01 
   419 :  8.0963543e-02  5.5477771e-01 
   420 :  1.2618320e-01  5.7648832e-01 
   421 :  8.5620748e-02  5.6837314e-01 
   422 :  2.1937500e-02  4.2218738e-03 
   423 :  1.2930507e-01  5.9095124e-01 
   424 :  9.1557391e-02  5.8251497e-01 
   425 :  1.3274813e-01  6.0522236e-01 
   426 :  7.3769547e-02  2.2433492e-02 
   427 :  9.5882500e-02  5.9741534e-01 
   428 :  1.3628442e-01  6.2039595e-01 
   429 :  1.0150986e-01  6.0959943e-01 
   430 :  1.4012580e-01  6.3373729e-01 
   431 :  1.0654615e-01  6.2444183e-01 
   432 :  1.4389429e-01  6.4806111e-01 
   433 :  1.1277211e-01  6.3914330e-01 
   434 :  1.4745048e-01  6.6260449e-01 
   435 :  1.1856685e-01  6.5116009e-01 
   436 :  4.3301270e-03  1.7500000e-02 
   437 :  1.3080747e-01  6.7932883e-01 
   438 :  1.2437344e-01  6.6541138e-01 
   439 :  1.5167985e-01  6.8140988e-01 
   440 :  1.0947615e-01  4.9395972e-01 
   441 :  1.0304323e-01  4.5973302e-01 
   442 :  9.5776161e-02  4.1054673e-01 
   443 :  8.8882578e-02  3.5596822e-01 
   444 :  9.1315634e-02  3.7575060e-01 
   445 :  8.3128275e-02  3.0148300e-01 
   446 :  7.9760738e-02  2.6195929e-01 
   447 :  8.1380290e-02  2.8162881e-01 
   448 :  7.7946884e-02  2.3749076e-01 
   449 :  7.5435254e-02  1.8716073e-01 
   450 :  7.4831133e-02  1.6741513e-01 
   451 :  7.4103044e-02  1.4235181e-01 
   452 :  7.3870369e-02  1.2241360e-01 
   453 :  4.3288484e-03  9.2495634e-02 
   454 :  4.2796613e-03  4.1851895e-02 
   455 :  7.3853362e-02  6.6907100e-02 
   456 :  7.3923233e-02  4.7688645e-02 
   457 :  7.3669873e-02  8.7500000e-02 
   458 :  6.0937500e-02  4.2218738e-03 
   459 :  1.5526236e-01  6.9112957e-01 
   460 :  4.3621696e-03  1.1238793e-01 
   461 :  4.9137689e-03  1.3195100e-01 
   462 :  5.3490028e-03  1.5225405e-01 
   463 :  1.0734863e-02  2.3117122e-01 
   464 :  1.2370448e-02  2.5127812e-01 
   465 :  1.8704110e-02  3.0000102e-01 
   466 :  2.6839248e-02  3.4883823e-01 
   467 :  3.3597604e-02  3.8285754e-01 
   468 :  4.0940456e-02  4.1679609e-01 
   469 :  4.5535636e-02  4.3607745e-01 
   470 :  5.0457763e-02  4.5527846e-01 
   471 :  5.9700449e-02  4.8806336e-01 
   472 :  1.4988287e-01  6.7139227e-01 
   473 :  1.5794181e-01  7.0061632e-01 
   474 :  1.3701613e-01  6.9253003e-01 
   475 :  1.6063603e-01  7.1010840e-01 
   476 :  1.4114132e-01  7.0124496e-01 
   477 :  1.2327702e-02  4.0191738e-03 
   478 :  7.3551834e-02  1.2644659e-02 
   479 :  1.5215031e-01  7.2353011e-01 
   480 :  1.4521581e-01  7.1026095e-01 
   481 :  1.5681554e-01  7.3208582e-01 
   482 :  1.6135385e-01  7.4118941e-01 
   483 :  1.6476236e-01  7.2430762e-01 
   484 :  1.6574037e-01  7.5000571e-01 
   485 :  1.6771523e-01  7.3371207e-01 
   486 :  1.7051164e-01  7.5854119e-01 
   487 :  7.0687500e-02  4.2218738e-03 
   488 :  1.7067072e-01  7.4297553e-01 
   489 :  4.7247094e-03  7.7040656e-03 
   490 :  1.7521157e-01  7.6777770e-01 
   491 :  1.7310297e-01  7.5290194e-01 
   492 :  1.7975266e-01  7.7045934e-01 
   493 :  1.7713131e-01  7.6266458e-01 
   494 :  1.9484457e-01  8.0780332e-01 
   495 :  1.1612652e-01  5.2821565e-01 
   496 :  1.1242830e-01  5.3147481e-01 
   497 :  1.1341061e-01  5.3630758e-01 
   498 :  1.0873155e-01  5.3474242e-01 
   499 :  1.0971622e-01  5.3957934e-01 
   500 :  1.0503330e-01  5.3801404e-01 
   501 :  1.0402196e-01  5.3314756e-01 
   502 :  1.0601932e-01  5.4285475e-01 
   503 :  1.0133288e-01  5.4128791e-01 
   504 :  1.0231987e-01  5.4613224e-01 
   505 :  9.7628721e-02  5.4456490e-01 
   506 :  9.8617411e-02  5.4941143e-01 
   507 :  1.0331742e-01  5.5097575e-01 
   508 :  9.6643120e-02  5.3971650e-01 
   509 :  9.9608227e-02  5.5425736e-01 
   510 :  1.0430859e-01  5.5582160e-01 
   511 :  1.0059775e-01  5.5910379e-01 
   512 :  1.0530381e-01  5.6066903e-01 
   513 :  1.0158830e-01  5.6395033e-01 
   514 :  1.0631350e-01  5.6551177e-01 
   515 :  1.0258065e-01  5.6879635e-01 
   516 :  1.0729208e-01  5.7035917e-01 
   517 :  9.2934987e-02  5.4299608e-01 
   518 :  9.1948406e-02  5.3814211e-01 
   519 :  1.0356843e-01  5.7364314e-01 
   520 :  1.0825976e-01  5.7520943e-01 
   521 :  1.0455328e-01  5.7849079e-01 
   522 :  1.0924474e-01  5.8005794e-01 
   523 :  1.0554124e-01  5.8333839e-01 
   524 :  1.1023341e-01  5.8490688e-01 
   525 :  1.1198427e-01  5.7192043e-01 
   526 :  1.0903974e-01  5.5737975e-01 
   527 :  9.6024533e-02  5.5719434e-01 
   528 :  1.0653054e-01  5.8818600e-01 
   529 :  1.1122304e-01  5.8975171e-01 
   530 :  1.1492402e-01  5.8647414e-01 
   531 :  1.1591430e-01  5.9131706e-01 
   532 :  1.1221343e-01  5.9459607e-01 
   533 :  1.1690482e-01  5.9616026e-01 
   534 :  1.1320498e-01  5.9943992e-01 
   535 :  1.1789529e-01  6.0100383e-01 
   536 :  1.1419612e-01  6.0428398e-01 
   537 :  1.1887497e-01  6.0583550e-01 
   538 :  1.1518447e-01  6.0912670e-01 
   539 :  1.1998041e-01  6.1061229e-01 
   540 :  1.1619361e-01  6.1396044e-01 
   541 :  1.2090457e-01  6.1551748e-01 
   542 :  9.8870034e-02  5.7207770e-01 
   543 :  1.1716816e-01  6.1882006e-01 
   544 :  1.2186574e-01  6.2038088e-01 
   545 :  1.1815917e-01  6.2366680e-01 
   546 :  1.2285236e-01  6.2523077e-01 
   547 :  1.0851272e-01  5.9787652e-01 
   548 :  1.0183434e-01  5.8661927e-01 
   549 :  8.8237342e-02  5.4142526e-01 
   550 :  8.7248919e-02  5.3656902e-01 
   551 :  9.0962895e-02  5.3328452e-01 
   552 :  8.6260325e-02  5.3171018e-01 
   553 :  8.9976553e-02  5.2842398e-01 
   554 :  8.5183968e-02  5.2674899e-01 
   555 :  8.8975216e-02  5.2354350e-01 
   556 :  8.4164233e-02  5.2184315e-01 
   557 :  8.7980412e-02  5.1866744e-01 
   558 :  9.2699937e-02  5.2027228e-01 
   559 :  9.1701151e-02  5.1540307e-01 
   560 :  8.7010061e-02  5.1382332e-01 
   561 :  9.0731643e-02  5.1053437e-01 
   562 :  8.6137528e-02  5.0893266e-01 
   563 :  8.9765771e-02  5.0566105e-01 
   564 :  8.5171620e-02  5.0405847e-01 
   565 :  8.8784416e-02  5.0079054e-01 
   566 :  8.4073274e-02  4.9921034e-01 
   567 :  8.7778636e-02  4.9592335e-01 
   568 :  8.3063102e-02  4.9434366e-01 
   569 :  8.6781767e-02  4.9105249e-01 
   570 :  8.2069219e-02  4.8947313e-01 
   571 :  8.5792506e-02  4.8618101e-01 
   572 :  8.1079213e-02  4.8460172e-01 
   573 :  8.4802191e-02  4.8130959e-01 
   574 :  8.0089690e-02  4.7973010e-01 
   575 :  8.3812877e-02  4.7643787e-01 
   576 :  7.9100596e-02  4.7485779e-01 
   577 :  8.2823734e-02  4.7156594e-01 
   578 :  7.8111424e-02  4.6998583e-01 
   579 :  8.1834640e-02  4.6669400e-01 
   580 :  7.7122086e-02  4.6511443e-01 
   581 :  8.0845466e-02  4.6182213e-01 
   582 :  7.6133035e-02  4.6024206e-01 
   583 :  7.9856373e-02  4.5695008e-01 
   584 :  7.5143872e-02  4.5536997e-01 
   585 :  7.8867962e-02  4.5207799e-01 
   586 :  7.4154653e-02  4.5049847e-01 
   587 :  7.7878181e-02  4.4720610e-01 
   588 :  7.3165508e-02  4.4562607e-01 
   589 :  7.6888966e-02  4.4233402e-01 
   590 :  7.2176312e-02  4.4075395e-01 
   591 :  7.5900461e-02  4.3746190e-01 
   592 :  7.1187221e-02  4.3588191e-01 
   593 :  7.4910738e-02  4.3258990e-01 
   594 :  7.0197955e-02  4.3100988e-01 
   595 :  7.3921509e-02  4.2771784e-01 
   596 :  6.9208732e-02  4.2613786e-01 
   597 :  7.2932305e-02  4.2284580e-01 
   598 :  6.8219530e-02  4.2126582e-01 
   599 :  7.1943167e-02  4.1797374e-01 
   600 :  6.7230333e-02  4.1639380e-01 
   601 :  7.0953981e-02  4.1310169e-01 
   602 :  6.6241139e-02  4.1152175e-01 
   603 :  6.9964847e-02  4.0822963e-01 
   604 :  6.5251836e-02  4.0665010e-01 
   605 :  6.8976220e-02  4.0335755e-01 
   606 :  6.4262826e-02  4.0177778e-01 
   607 :  6.7986598e-02  3.9848554e-01 
   608 :  6.3273588e-02  3.9690567e-01 
   609 :  6.6997388e-02  3.9361348e-01 
   610 :  6.2284374e-02  3.9203365e-01 
   611 :  6.6008691e-02  3.8874138e-01 
   612 :  6.1295261e-02  3.8716160e-01 
   613 :  6.5019114e-02  3.8386938e-01 
   614 :  6.0306009e-02  3.8228960e-01 
   615 :  6.4029909e-02  3.7899734e-01 
   616 :  5.9316806e-02  3.7741757e-01 
   617 :  6.3041159e-02  3.7412527e-01 
   618 :  5.8327607e-02  3.7254582e-01 
   619 :  6.2051616e-02  3.6925332e-01 
   620 :  5.7338427e-02  3.6767363e-01 
   621 :  6.1062425e-02  3.6438127e-01 
   622 :  5.6349237e-02  3.6280156e-01 
   623 :  6.0073629e-02  3.5950919e-01 
   624 :  5.5360105e-02  3.5792956e-01 
   625 :  5.9084138e-02  3.5463721e-01 
   626 :  5.4370879e-02  3.5305756e-01 
   627 :  5.8094960e-02  3.4976520e-01 
   628 :  5.3381679e-02  3.4818558e-01 
   629 :  5.7106109e-02  3.4489316e-01 
   630 :  5.2392550e-02  3.4331358e-01 
   631 :  5.6116665e-02  3.4002120e-01 
   632 :  5.1403290e-02  3.3844177e-01 
   633 :  5.5127495e-02  3.3514923e-01 
   634 :  5.0414131e-02  3.3356971e-01 
   635 :  5.4138603e-02  3.3027719e-01 
   636 :  4.9425001e-02  3.2869769e-01 
   637 :  5.3149215e-02  3.2540524e-01 
   638 :  4.8435769e-02  3.2382584e-01 
   639 :  5.2160067e-02  3.2053328e-01 
   640 :  4.7446606e-02  3.1895383e-01 
   641 :  5.1171113e-02  3.1566128e-01 
   642 :  4.6457468e-02  3.1408185e-01 
   643 :  5.0181779e-02  3.1078935e-01 
   644 :  4.5468266e-02  3.0920993e-01 
   645 :  4.9192622e-02  3.0591740e-01 
   646 :  4.4479094e-02  3.0433799e-01 
   647 :  4.8203448e-02  3.0104547e-01 
   648 :  4.3489910e-02  2.9946609e-01 
   649 :  4.7214591e-02  2.9617348e-01 
   650 :  5.1927866e-02  2.9775359e-01 
   651 :  5.0938914e-02  2.9288097e-01 
   652 :  4.6225311e-02  2.9130149e-01 
   653 :  4.9949800e-02  2.8800884e-01 
   654 :  4.5236121e-02  2.8642948e-01 
   655 :  4.8960591e-02  2.8313683e-01 
   656 :  4.4246912e-02  2.8155755e-01 
   657 :  4.7971427e-02  2.7826484e-01 
   658 :  4.3257724e-02  2.7668560e-01 
   659 :  4.6982212e-02  2.7339287e-01 
   660 :  4.2268511e-02  2.7181364e-01 
   661 :  4.5993063e-02  2.6852090e-01 
   662 :  4.1279252e-02  2.6694161e-01 
   663 :  4.5003835e-02  2.6364894e-01 
   664 :  4.0290030e-02  2.6206966e-01 
   665 :  4.4014630e-02  2.5877699e-01 
   666 :  3.9300762e-02  2.5719818e-01 
   667 :  4.3025493e-02  2.5390521e-01 
   668 :  4.7739302e-02  2.5548435e-01 
   669 :  4.6749939e-02  2.5061238e-01 
   670 :  4.2036239e-02  2.4903320e-01 
   671 :  4.5760613e-02  2.4574037e-01 
   672 :  4.1046857e-02  2.4416110e-01 
   673 :  4.4771369e-02  2.4086837e-01 
   674 :  4.0057638e-02  2.3928931e-01 
   675 :  4.3782169e-02  2.3599641e-01 
   676 :  3.9068266e-02  2.3441751e-01 
   677 :  4.2792882e-02  2.3112448e-01 
   678 :  3.8078883e-02  2.2954573e-01 
   679 :  4.1803611e-02  2.2625257e-01 
   680 :  3.7089780e-02  2.2467336e-01 
   681 :  4.0814376e-02  2.2138056e-01 
   682 :  4.5528256e-02  2.2295975e-01 
   683 :  4.4538968e-02  2.1808776e-01 
   684 :  3.9825096e-02  2.1650847e-01 
   685 :  4.3549631e-02  2.1321575e-01 
   686 :  3.8835762e-02  2.1163645e-01 
   687 :  4.2560313e-02  2.0834376e-01 
   688 :  3.7846438e-02  2.0676450e-01 
   689 :  4.1570998e-02  2.0347180e-01 
   690 :  3.6857130e-02  2.0189254e-01 
   691 :  4.0581660e-02  1.9859984e-01 
   692 :  3.5867811e-02  1.9702063e-01 
   693 :  3.9592362e-02  1.9372791e-01 
   694 :  3.4878500e-02  1.9214872e-01 
   695 :  3.8603054e-02  1.8885597e-01 
   696 :  4.3316969e-02  1.9043517e-01 
   697 :  4.2327622e-02  1.8556318e-01 
   698 :  3.7613670e-02  1.8398400e-01 
   699 :  4.1338253e-02  1.8069119e-01 
   700 :  3.6624325e-02  1.7911202e-01 
   701 :  4.0348867e-02  1.7581923e-01 
   702 :  3.5634981e-02  1.7424002e-01 
   703 :  3.9359492e-02  1.7094728e-01 
   704 :  3.4645630e-02  1.6936807e-01 
   705 :  3.8370153e-02  1.6607533e-01 
   706 :  3.3656274e-02  1.6449620e-01 
   707 :  3.7380790e-02  1.6120342e-01 
   708 :  4.2094730e-02  1.6278256e-01 
   709 :  4.1105339e-02  1.5791058e-01 
   710 :  3.6391407e-02  1.5633151e-01 
   711 :  4.0115933e-02  1.5303862e-01 
   712 :  3.5402010e-02  1.5145954e-01 
   713 :  3.9126480e-02  1.4816667e-01 
   714 :  3.4412597e-02  1.4658755e-01 
   715 :  3.8136953e-02  1.4329475e-01 
   716 :  3.3423185e-02  1.4171559e-01 
   717 :  3.7147696e-02  1.3842279e-01 
   718 :  3.2433806e-02  1.3684371e-01 
   719 :  3.6158198e-02  1.3355035e-01 
   720 :  4.0872927e-02  1.3512984e-01 
   721 :  3.9883043e-02  1.3025636e-01 
   722 :  3.5167185e-02  1.2867705e-01 
   723 :  3.8893594e-02  1.2538180e-01 
   724 :  3.4176785e-02  1.2380147e-01 
   725 :  3.7904438e-02  1.2050605e-01 
   726 :  3.3185439e-02  1.1892524e-01 
   727 :  3.6914654e-02  1.1562868e-01 
   728 :  3.2194006e-02  1.1404803e-01 
   729 :  3.5922905e-02  1.1075022e-01 
   730 :  4.0644679e-02  1.1233148e-01 
   731 :  3.9652844e-02  1.0745215e-01 
   732 :  3.4930538e-02  1.0586978e-01 
   733 :  3.8662473e-02  1.0257030e-01 
   734 :  3.3937659e-02  1.0098713e-01 
   735 :  3.7672540e-02  9.7685898e-02 
   736 :  3.2945273e-02  9.6102470e-02 
   737 :  3.6680571e-02  9.2799450e-02 
   738 :  4.1409570e-02  9.4384126e-02 
   739 :  4.0417549e-02  8.9495567e-02 
   740 :  3.5687027e-02  8.7910656e-02 
   741 :  3.9425323e-02  8.4605136e-02 
   742 :  3.4692653e-02  8.3019697e-02 
   743 :  3.8432873e-02  7.9713035e-02 
   744 :  3.3698318e-02  7.8126758e-02 
   745 :  3.7440143e-02  7.4818811e-02 
   746 :  3.2704226e-02  7.3232885e-02 
   747 :  3.6446018e-02  6.9924546e-02 
   748 :  3.1710144e-02  6.8338015e-02 
   749 :  3.5452530e-02  6.5029981e-02 
   750 :  4.0187900e-02  6.6616751e-02 
   751 :  3.9195095e-02  6.1721551e-02 
   752 :  3.4460168e-02  6.0135809e-02 
   753 :  3.8200415e-02  5.6828784e-02 
   754 :  3.3468287e-02  5.5243632e-02 
   755 :  3.7203922e-02  5.1939131e-02 
   756 :  3.2475998e-02  5.0355694e-02 
   757 :  3.6210897e-02  4.7056534e-02 
   758 :  4.0932455e-02  4.8637809e-02 
   759 :  3.9939220e-02  4.3757832e-02 
   760 :  3.5224271e-02  4.2180984e-02 
   761 :  3.8944308e-02  3.8888010e-02 
   762 :  3.4237412e-02  3.7311932e-02 
   763 :  3.7955944e-02  3.4027632e-02 
   764 :  3.3253867e-02  3.2453217e-02 
   765 :  4.2656493e-02  3.5598670e-02 
   766 :  4.3840404e-02  1.4974559e-01 
   767 :  4.3168166e-02  8.1299842e-02 
   768 :  4.6284874e-02  2.0505096e-01 
   769 :  4.4374478e-02  1.0903383e-01 
   770 :  4.3611147e-02  1.2696208e-01 
   771 :  4.5062795e-02  1.7739837e-01 
   772 :  5.0706807e-02  2.7010047e-01 
   773 :  4.3931580e-02  6.3307583e-02 
   774 :  4.8495977e-02  2.3757591e-01 
   775 :  5.6873518e-02  3.2211441e-01 
   776 :  4.1669384e-02  3.0744084e-02 
   777 :  4.6365475e-02  3.2315032e-02 
   778 :  4.9252932e-02  2.1966695e-01 
   779 :  5.9840909e-02  3.3673084e-01 
   780 :  5.4663475e-02  2.8958909e-01 
   781 :  5.1463817e-02  2.5219179e-01 
   782 :  3.4121826e-02  2.1005700e-01 
   783 :  6.2808380e-02  3.5134731e-01 
   784 :  2.9536520e-02  3.5736988e-02 
   785 :  2.8551829e-02  3.0875947e-02 
   786 :  3.1910424e-02  1.7753277e-01 
   787 :  2.9958833e-02  8.1434637e-02 
   788 :  3.0688088e-02  1.4988033e-01 
   789 :  3.6332979e-02  2.4258267e-01 
   790 :  2.9460262e-02  1.2222183e-01 
   791 :  3.1153998e-02  1.9544142e-01 
   792 :  2.9210518e-02  9.9405263e-02 
   793 :  2.8738091e-02  5.3657965e-02 
   794 :  3.9533204e-02  2.7997878e-01 
   795 :  6.5775813e-02  3.6596378e-01 
   796 :  4.5375915e-02  2.7464830e-02 
   797 :  5.0072474e-02  2.9033139e-02 
   798 :  5.1063562e-02  3.3888061e-02 
   799 :  5.8559518e-02  3.9532581e-01 
   800 :  5.1635304e-02  3.6122190e-01 
   801 :  3.6565434e-02  2.6536229e-01 
   802 :  7.1710591e-02  3.9519678e-01 
   803 :  3.3365067e-02  2.2796652e-01 
   804 :  4.4711133e-02  3.2711826e-01 
   805 :  6.8743201e-02  3.8058025e-01 
   806 :  4.1743703e-02  3.1250258e-01 
   807 :  5.4602742e-02  3.7583793e-01 
   808 :  4.7678601e-02  3.4173410e-01 
   809 :  6.1526932e-02  4.0994195e-01 
   810 :  4.0687149e-02  2.5896862e-02 
   811 :  5.6581169e-02  3.8558182e-01 
   812 :  4.9656966e-02  3.5147796e-01 
   813 :  2.9931763e-02  1.6778894e-01 
   814 :  2.8709282e-02  1.4013653e-01 
   815 :  4.1511566e-02  2.8972238e-01 
   816 :  4.5819347e-02  1.5948971e-01 
   817 :  4.7041614e-02  1.8714234e-01 
   818 :  5.2685165e-02  2.7984473e-01 
   819 :  5.3906185e-02  3.0749811e-01 
   820 :  2.7967725e-02  7.1646833e-02 
   821 :  4.5147371e-02  9.1081457e-02 
   822 :  7.4677965e-02  4.0981333e-01 
   823 :  6.3505412e-02  4.1968583e-01 
   824 :  7.8634517e-02  4.2930212e-01 
   825 :  2.4834211e-02  3.4157094e-02 
   826 :  2.3851067e-02  2.9296619e-02 
   827 :  2.7568062e-02  2.6014096e-02 
   828 :  2.2870309e-02  2.4437342e-02 
   829 :  6.5483777e-02  4.2942984e-01 
   830 :  7.6656230e-02  4.1955771e-01 
   831 :  3.9765376e-02  3.0275869e-01 
   832 :  5.4779041e-02  3.0596312e-02 
   833 :  5.3783146e-02  2.5742186e-02 
   834 :  5.5769390e-02  3.5465724e-02 
   835 :  6.7462146e-02  4.3917383e-01 
   836 :  8.1601902e-02  4.4391871e-01 
   837 :  7.3397093e-02  4.6840576e-01 
   838 :  7.0429533e-02  4.5378996e-01 
   839 :  4.4384201e-02  2.2622646e-02 
   840 :  2.6577007e-02  2.1158995e-02 
   841 :  8.4569243e-02  4.5853520e-01 
   842 :  8.8525713e-02  4.7802359e-01 
   843 :  8.6547473e-02  4.6827944e-01 
   844 :  9.1495543e-02  4.9263987e-01 
   845 :  7.5376224e-02  4.7815085e-01 
   846 :  9.5402226e-02  5.1210719e-01 
   847 :  9.3471660e-02  5.0237380e-01 
   848 :  2.1885303e-02  1.9580560e-02 
   849 :  7.7354956e-02  4.8789414e-01 
   850 :  7.9903932e-02  5.0302677e-01 
   851 :  5.9490373e-02  3.2166178e-02 
   852 :  1.8175691e-02  2.2859684e-02 
   853 :  3.9707311e-02  2.1057063e-02 
   854 :  2.6973310e-02  6.6751365e-02 
   855 :  2.3230843e-02  7.0060848e-02 
   856 :  2.2236858e-02  6.5164980e-02 
   857 :  4.4924099e-02  6.8202949e-02 
   858 :  4.8665838e-02  6.4895272e-02 
   859 :  4.9660146e-02  6.9790027e-02 
   860 :  5.3402124e-02  6.6481625e-02 
   861 :  5.2407991e-02  6.1586954e-02 
   862 :  5.4396417e-02  7.1377280e-02 
   863 :  5.7143416e-02  6.3173469e-02 
   864 :  5.6136532e-02  5.8282593e-02 
   865 :  2.8942447e-02  1.6291713e-01 
   866 :  2.5218022e-02  1.6620975e-01 
   867 :  2.4228716e-02  1.6133806e-01 
   868 :  3.0164714e-02  1.9056960e-01 
   869 :  2.6440280e-02  1.9386226e-01 
   870 :  2.5450914e-02  1.8899027e-01 
   871 :  2.7429520e-02  1.9873400e-01 
   872 :  2.2715882e-02  1.9715485e-01 
   873 :  2.3705092e-02  2.0202650e-01 
   874 :  3.2376055e-02  2.2309406e-01 
   875 :  2.8651529e-02  2.2638674e-01 
   876 :  2.7662381e-02  2.2151481e-01 
   877 :  2.9640783e-02  2.3126077e-01 
   878 :  4.5366061e-02  1.1391294e-01 
   879 :  4.9095755e-02  1.1061559e-01 
   880 :  5.0086214e-02  1.1549401e-01 
   881 :  5.3815553e-02  1.1219755e-01 
   882 :  5.4805083e-02  1.1707523e-01 
   883 :  5.2825397e-02  1.0731849e-01 
   884 :  5.7546386e-02  1.0890105e-01 
   885 :  5.6556336e-02  1.0402170e-01 
   886 :  4.6808740e-02  1.6436181e-01 
   887 :  5.0533450e-02  1.6106888e-01 
   888 :  5.1522847e-02  1.6594111e-01 
   889 :  5.5247635e-02  1.6264814e-01 
   890 :  5.6237044e-02  1.6752042e-01 
   891 :  5.4258199e-02  1.5777585e-01 
   892 :  5.8972474e-02  1.5935512e-01 
   893 :  5.7983010e-02  1.5448276e-01 
   894 :  4.8030962e-02  1.9201445e-01 
   895 :  5.1755702e-02  1.8872156e-01 
   896 :  5.2745055e-02  1.9359380e-01 
   897 :  5.6469873e-02  1.9030086e-01 
   898 :  5.7459238e-02  1.9517315e-01 
   899 :  5.5480482e-02  1.8542856e-01 
   900 :  5.0242254e-02  2.2453908e-01 
   901 :  5.3967015e-02  2.2124620e-01 
   902 :  5.4956338e-02  2.2611847e-01 
   903 :  5.8681193e-02  2.2282556e-01 
   904 :  5.7691830e-02  2.1795323e-01 
   905 :  5.9670519e-02  2.2769787e-01 
   906 :  6.2406077e-02  2.1953260e-01 
   907 :  6.1416719e-02  2.1466024e-01 
   908 :  5.2453222e-02  2.5706373e-01 
   909 :  5.6177962e-02  2.5377110e-01 
   910 :  5.7167292e-02  2.5864317e-01 
   911 :  6.0892161e-02  2.5535027e-01 
   912 :  5.9902708e-02  2.5047831e-01 
   913 :  6.1881463e-02  2.6022264e-01 
   914 :  6.5606423e-02  2.5692966e-01 
   915 :  2.7719886e-02  1.3526443e-01 
   916 :  2.3995164e-02  1.3855731e-01 
   917 :  2.3005767e-02  1.3368501e-01 
   918 :  2.8218047e-02  9.4519956e-02 
   919 :  2.4483335e-02  9.7821184e-02 
   920 :  2.3491299e-02  9.2936659e-02 
   921 :  1.9926977e-02  9.6285792e-02 
   922 :  2.0777903e-02  1.0112885e-01 
   923 :  1.9210477e-02  9.1448305e-02 
   924 :  2.7751173e-02  4.8772623e-02 
   925 :  2.4009614e-02  5.2071630e-02 
   926 :  2.3022227e-02  4.7185647e-02 
   927 :  4.4651820e-02  4.5336703e-02 
   928 :  4.3395042e-02  1.7790198e-02 
   929 :  2.0121282e-02  3.2564751e-02 
   930 :  6.6595722e-02  2.6180205e-01 
   931 :  6.2870731e-02  2.6509506e-01 
   932 :  6.0483298e-02  3.7040845e-02 
   933 :  5.6758743e-02  4.0338661e-02 
   934 :  2.0504366e-02  1.6463067e-01 
   935 :  2.1493647e-02  1.6950230e-01 
   936 :  1.9515084e-02  1.5975905e-01 
   937 :  8.1769550e-02  5.1177796e-01 
   938 :  6.0194744e-02  1.8700788e-01 
   939 :  5.9205270e-02  1.8213569e-01 
   940 :  1.7193118e-02  1.7999936e-02 
   941 :  6.1277716e-02  1.0560627e-01 
   942 :  6.0309466e-02  1.0072852e-01 
   943 :  1.9369641e-02  1.3671299e-01 
   944 :  1.9721595e-02  1.4157864e-01 
   945 :  1.8306233e-02  1.3206155e-01 
   946 :  2.3937943e-02  2.2480743e-01 
   947 :  2.2948696e-02  2.1993564e-01 
   948 :  1.9280646e-02  5.0485148e-02 
   949 :  1.8289700e-02  4.5596043e-02 
   950 :  6.7585004e-02  2.6667449e-01 
   951 :  6.3859985e-02  2.6996746e-01 
   952 :  1.8479234e-02  6.8457810e-02 
   953 :  1.9485758e-02  7.3367674e-02 
   954 :  1.7531058e-02  6.3588023e-02 
   955 :  1.6780100e-02  1.6792325e-01 
   956 :  1.7769353e-02  1.7279481e-01 
   957 :  6.8574290e-02  2.7154694e-01 
   958 :  6.4849263e-02  2.7483992e-01 
   959 :  2.5596679e-02  1.6316005e-02 
   960 :  6.1477882e-02  4.1916761e-02 
   961 :  6.9563574e-02  2.7641940e-01 
   962 :  6.5838537e-02  2.7971239e-01 
   963 :  4.5660950e-02  5.0221917e-02 
   964 :  5.6702432e-02  2.1308088e-01 
   965 :  6.0427248e-02  2.0978807e-01 
   966 :  3.8729028e-02  1.6228193e-02 
   967 :  5.7749490e-02  4.5215273e-02 
   968 :  5.1836622e-02  1.0244130e-01 
   969 :  6.0869898e-02  5.9868109e-02 
   970 :  6.1877228e-02  6.4760328e-02 
   971 :  6.2267707e-02  1.1048370e-01 
   972 :  4.2411340e-02  1.2968924e-02 
   973 :  4.7074160e-02  1.4525659e-02 
   974 :  6.2476900e-02  4.6787149e-02 
   975 :  6.3692456e-02  1.8376101e-01 
   976 :  6.2892177e-02  1.7885052e-01 
   977 :  6.4909081e-02  1.8858730e-01 
   978 :  8.9225704e-02  5.4628071e-01 
   979 :  1.8991557e-02  2.0044735e-01 
   980 :  1.9980758e-02  2.0531894e-01 
   981 :  7.0552859e-02  2.8129188e-01 
   982 :  6.6827770e-02  2.8458490e-01 
   983 :  6.2697375e-02  1.5606205e-01 
   984 :  6.1707881e-02  1.5118963e-01 
   985 :  5.6993497e-02  1.4961036e-01 
   986 :  6.0718384e-02  1.4631716e-01 
   987 :  5.6003906e-02  1.4473789e-01 
   988 :  5.9728905e-02  1.4144460e-01 
   989 :  5.5014247e-02  1.3986530e-01 
   990 :  5.8559744e-02  1.3660830e-01 
   991 :  5.3994389e-02  1.3499845e-01 
   992 :  5.7539520e-02  1.3174303e-01 
   993 :  6.3686822e-02  1.6093449e-01 
   994 :  7.1542132e-02  2.8616436e-01 
   995 :  6.7817038e-02  2.8945740e-01 
   996 :  6.2747851e-02  1.3742787e-01 
   997 :  1.4733402e-02  7.1763953e-02 
   998 :  1.5742282e-02  7.6675930e-02 
   999 :  1.6509556e-02  9.9395628e-02 
  1000 :  1.7168488e-02  1.0438417e-01 
  1001 :  2.1769584e-02  1.0599663e-01 
  1002 :  1.8039956e-02  1.0929184e-01 
  1003 :  1.8002342e-02  1.9557580e-01 
  1004 :  1.2603281e-01  6.1685949e-01 
  1005 :  1.1915025e-01  6.2851435e-01 
  1006 :  1.2384423e-01  6.3007844e-01 
  1007 :  1.2754248e-01  6.2679687e-01 
  1008 :  1.2837210e-01  6.3145769e-01 
  1009 :  1.2481031e-01  6.3489175e-01 
  1010 :  1.3009356e-01  6.3609846e-01 
  1011 :  1.2592008e-01  6.3969636e-01 
  1012 :  1.3052218e-01  6.4132709e-01 
  1013 :  6.5141640e-02  2.1136720e-01 
  1014 :  6.4152020e-02  2.0649526e-01 
  1015 :  1.2683827e-01  6.4459823e-01 
  1016 :  1.3132921e-01  6.4620859e-01 
  1017 :  1.2768659e-01  6.4947983e-01 
  1018 :  1.3226797e-01  6.5106621e-01 
  1019 :  1.2864589e-01  6.5433409e-01 
  1020 :  1.3345541e-01  6.5587326e-01 
  1021 :  8.1452376e-02  5.3002029e-01 
  1022 :  1.2271389e-01  6.0247008e-01 
  1023 :  1.3523204e-01  6.4311031e-01 
  1024 :  1.2214601e-01  6.4303379e-01 
  1025 :  1.1961152e-01  5.8803947e-01 
  1026 :  1.4672688e-02  1.3508210e-01 
  1027 :  1.3565399e-02  1.3050187e-01 
  1028 :  1.7302629e-02  1.2722183e-01 
  1029 :  1.1862283e-01  5.8320154e-01 
  1030 :  6.4205035e-02  3.3744404e-02 
  1031 :  6.3210971e-02  2.8866620e-02 
  1032 :  1.4550488e-02  4.8897845e-02 
  1033 :  7.2531421e-02  2.9103686e-01 
  1034 :  6.8806350e-02  2.9432986e-01 
  1035 :  7.4280958e-02  2.9618117e-01 
  1036 :  6.9838132e-02  2.9924446e-01 
  1037 :  6.5088420e-02  2.9762987e-01 
  1038 :  6.6078855e-02  3.0250350e-01 
  1039 :  7.0726133e-02  3.0409685e-01 
  1040 :  6.7051411e-02  3.0737279e-01 
  1041 :  7.1600911e-02  3.0898467e-01 
  1042 :  6.8018766e-02  3.1224732e-01 
  1043 :  7.2658092e-02  3.1384124e-01 
  1044 :  6.9015662e-02  3.1711751e-01 
  1045 :  7.3522935e-02  3.1873889e-01 
  1046 :  6.9985450e-02  3.2199376e-01 
  1047 :  7.4953659e-02  3.2344825e-01 
  1048 :  7.1045013e-02  3.2683970e-01 
  1049 :  7.6190822e-02  3.2815410e-01 
  1050 :  7.2087267e-02  3.3168003e-01 
  1051 :  7.6720267e-02  3.3330967e-01 
  1052 :  7.3008722e-02  3.3659431e-01 
  1053 :  1.1004142e-02  7.5089394e-02 
  1054 :  7.8083844e-02  3.1956176e-01 
  1055 :  1.1140567e-01  5.2656951e-01 
  1056 :  1.3481511e-02  2.1279030e-02 
  1057 :  6.5532842e-02  1.4798498e-01 
  1058 :  1.3203973e-01  6.2814780e-01 
  1059 :  1.4283325e-02  1.9885262e-01 
  1060 :  6.5972659e-02  1.0767208e-01 
  1061 :  2.2739562e-02  1.1087962e-01 
  1062 :  1.9000277e-02  1.1417641e-01 
  1063 :  1.1071484e-01  5.4442516e-01 
  1064 :  5.1074130e-02  1.2037224e-01 
  1065 :  7.0319619e-02  2.5850777e-01 
  1066 :  6.9577428e-02  2.5358691e-01 
  1067 :  6.6302440e-02  3.2527807e-01 
  1068 :  6.3328358e-02  3.1066272e-01 
  1069 :  2.0481352e-02  7.8265190e-02 
  1070 :  1.6821942e-02  8.1366363e-02 
  1071 :  5.0654279e-02  7.4685706e-02 
  1072 :  5.5390810e-02  7.6273007e-02 
  1073 :  5.1648074e-02  7.9581968e-02 
  1074 :  5.6385165e-02  8.1168751e-02 
  1075 :  6.0127919e-02  7.7859934e-02 
  1076 :  6.1121285e-02  8.2755979e-02 
  1077 :  5.7379167e-02  8.6064052e-02 
  1078 :  6.2114260e-02  8.7651066e-02 
  1079 :  2.4694282e-02  2.0689809e-01 
  1080 :  2.0969949e-02  2.1019064e-01 
  1081 :  2.3239386e-02  1.5646644e-01 
  1082 :  1.8532667e-02  1.5488601e-01 
  1083 :  2.6673034e-02  2.1664329e-01 
  1084 :  2.2482882e-02  1.7437389e-01 
  1085 :  1.8758579e-02  1.7766639e-01 
  1086 :  3.8776217e-02  2.9788685e-01 
  1087 :  3.5051718e-02  3.0117934e-01 
  1088 :  3.4062593e-02  2.9630765e-01 
  1089 :  3.0338189e-02  2.9960011e-01 
  1090 :  3.1327262e-02  3.0447172e-01 
  1091 :  2.9349069e-02  2.9472848e-01 
  1092 :  5.1289347e-02  1.4315871e-01 
  1093 :  3.3073433e-02  2.9143603e-01 
  1094 :  2.8359930e-02  2.8985687e-01 
  1095 :  3.2084278e-02  2.8656442e-01 
  1096 :  2.7370786e-02  2.8498527e-01 
  1097 :  2.2251190e-02  1.5159459e-01 
  1098 :  1.7930704e-02  1.4969694e-01 
  1099 :  2.3472093e-02  1.7924548e-01 
  1100 :  1.9747782e-02  1.8253797e-01 
  1101 :  5.4490975e-02  1.8055645e-01 
  1102 :  3.1095095e-02  2.8169283e-01 
  1103 :  2.6381636e-02  2.8011367e-01 
  1104 :  3.0105938e-02  2.7682125e-01 
  1105 :  2.5392487e-02  2.7524212e-01 
  1106 :  2.9116754e-02  2.7194968e-01 
  1107 :  2.4403338e-02  2.7037054e-01 
  1108 :  5.5712966e-02  2.0820881e-01 
  1109 :  5.5945645e-02  2.3099072e-01 
  1110 :  6.0659831e-02  2.3257024e-01 
  1111 :  6.4384797e-02  2.2927726e-01 
  1112 :  6.5252407e-02  2.3417440e-01 
  1113 :  6.1628824e-02  2.3744680e-01 
  1114 :  6.6218043e-02  2.3905166e-01 
  1115 :  2.8127610e-02  2.6707811e-01 
  1116 :  2.3414204e-02  2.6549895e-01 
  1117 :  2.7138473e-02  2.6220654e-01 
  1118 :  5.2512113e-02  1.7081316e-01 
  1119 :  6.0135057e-02  2.7326027e-01 
  1120 :  5.3734204e-02  1.9846581e-01 
  1121 :  6.2113554e-02  2.8300519e-01 
  1122 :  6.1356339e-02  3.0091580e-01 
  1123 :  5.5792386e-02  1.2195242e-01 
  1124 :  5.9523944e-02  1.1865631e-01 
  1125 :  6.0507946e-02  1.2353239e-01 
  1126 :  1.5566610e-02  5.3700301e-02 
  1127 :  5.2995931e-02  1.3012991e-01 
  1128 :  9.4655436e-02  5.3001024e-01 
  1129 :  2.2499828e-02  8.8049896e-02 
  1130 :  1.4458873e-02  2.6135732e-02 
  1131 :  5.8370491e-02  9.0955164e-02 
  1132 :  6.3104161e-02  9.2541736e-02 
  1133 :  1.1153250e-01  6.1241870e-01 
  1134 :  1.5094368e-02  1.8094666e-01 
  1135 :  1.5940697e-02  1.8584806e-01 
  1136 :  7.7698122e-02  3.3818356e-01 
  1137 :  7.3984787e-02  3.4147399e-01 
  1138 :  7.8683267e-02  3.4305750e-01 
  1139 :  7.4971147e-02  3.4634795e-01 
  1140 :  7.9685013e-02  3.4792773e-01 
  1141 :  7.5961988e-02  3.5122032e-01 
  1142 :  6.9272446e-02  3.3989409e-01 
  1143 :  1.3390934e-02  1.0750488e-01 
  1144 :  6.4240019e-02  1.2023774e-01 
  1145 :  6.5244552e-02  1.2482204e-01 
  1146 :  1.3603693e-02  4.3999901e-02 
  1147 :  1.9229428e-02  2.2322724e-01 
  1148 :  2.0214424e-02  2.2809967e-01 
  1149 :  1.8240904e-02  2.1835456e-01 
  1150 :  6.7928994e-02  3.0444552e-02 
  1151 :  8.4556505e-02  5.4474555e-01 
  1152 :  2.2476630e-02  2.6061693e-01 
  1153 :  2.6157877e-02  2.5733326e-01 
  1154 :  2.1497496e-02  2.5574332e-01 
  1155 :  2.5171899e-02  2.5246103e-01 
  1156 :  2.9875296e-02  2.5404213e-01 
  1157 :  2.8886638e-02  2.4917053e-01 
  1158 :  2.4173333e-02  2.4759134e-01 
  1159 :  2.7895816e-02  2.4429927e-01 
  1160 :  2.3182312e-02  2.4272015e-01 
  1161 :  1.3775375e-02  1.5803679e-01 
  1162 :  9.0258286e-03  2.5217193e-02 
  1163 :  1.2561930e-02  1.6447529e-02 
  1164 :  1.6221968e-02  1.3153680e-02 
  1165 :  7.4613644e-02  2.5543013e-01 
  1166 :  7.2192032e-02  2.6815857e-01 
  1167 :  6.8748571e-02  2.0809248e-01 
  1168 :  6.7912531e-02  2.0306638e-01 
  1169 :  2.2690882e-02  2.8330599e-01 
  1170 :  6.9041143e-02  2.3161565e-01 
  1171 :  6.8109795e-02  2.2598416e-01 
  1172 :  8.1773522e-02  3.3465493e-01 
  1173 :  1.2330585e-01  5.8476527e-01 
  1174 :  6.6041358e-02  4.3450117e-02 
  1175 :  1.2608426e-02  1.2570962e-01 
  1176 :  6.7303269e-02  1.5766341e-01 
  1177 :  6.5564454e-02  6.1614600e-02 
  1178 :  6.4684838e-02  5.7045860e-02 
  1179 :  8.0599188e-02  3.5271227e-01 
  1180 :  7.6938965e-02  3.5607813e-01 
  1181 :  7.2235498e-02  3.5451075e-01 
  1182 :  7.3224690e-02  3.5938212e-01 
  1183 :  7.7938739e-02  3.6096216e-01 
  1184 :  7.4215642e-02  3.6425633e-01 
  1185 :  7.8929970e-02  3.6583685e-01 
  1186 :  7.5205399e-02  3.6913054e-01 
  1187 :  7.9919593e-02  3.7070998e-01 
  1188 :  7.6194829e-02  3.7400223e-01 
  1189 :  8.0908895e-02  3.7558244e-01 
  1190 :  7.7184075e-02  3.7887459e-01 
  1191 :  8.1898114e-02  3.8045489e-01 
  1192 :  7.8173027e-02  3.8374781e-01 
  1193 :  8.2894243e-02  3.8532608e-01 
  1194 :  7.9163603e-02  3.8861934e-01 
  1195 :  8.3884823e-02  3.9019820e-01 
  1196 :  8.0153257e-02  3.9349164e-01 
  1197 :  8.4812031e-02  3.9508325e-01 
  1198 :  8.1131915e-02  3.9836704e-01 
  1199 :  8.5779110e-02  3.9996040e-01 
  1200 :  8.2115967e-02  4.0323986e-01 
  1201 :  8.6746416e-02  4.0483723e-01 
  1202 :  8.3100653e-02  4.0811315e-01 
  1203 :  1.3176235e-02  1.7119132e-01 
  1204 :  6.4865098e-02  7.9447236e-02 
  1205 :  6.3857499e-02  7.4552941e-02 
  1206 :  1.0296011e-01  5.9144084e-01 
  1207 :  1.1224705e-02  1.8403794e-01 
  1208 :  8.7677777e-02  4.0972144e-01 
  1209 :  8.4079475e-02  4.1298769e-01 
  1210 :  8.8655606e-02  4.1459624e-01 
  1211 :  8.5065045e-02  4.1786093e-01 
  1212 :  2.6797485e-02  3.0310213e-01 
  1213 :  7.5172790e-02  3.0638774e-01 
  1214 :  3.0296877e-02  1.7895277e-02 
  1215 :  2.9311077e-02  1.3068193e-02 
  1216 :  2.7787358e-02  3.0798257e-01 
  1217 :  3.2347050e-02  3.0937972e-01 
  1218 :  2.8699569e-02  3.1275930e-01 
  1219 :  3.3328393e-02  3.1424155e-01 
  1220 :  2.9604120e-02  3.1752812e-01 
  1221 :  3.4294359e-02  3.1908643e-01 
  1222 :  3.0625281e-02  3.2236795e-01 
  1223 :  3.5292580e-02  3.2395621e-01 
  1224 :  3.1619826e-02  3.2723805e-01 
  1225 :  3.6284006e-02  3.2882725e-01 
  1226 :  3.2560126e-02  3.3211946e-01 
  1227 :  3.7265373e-02  3.3370037e-01 
  1228 :  3.3547089e-02  3.3699145e-01 
  1229 :  3.8252754e-02  3.3857228e-01 
  1230 :  3.4535505e-02  3.4186316e-01 
  1231 :  3.9241304e-02  3.4344397e-01 
  1232 :  3.5517035e-02  3.4673629e-01 
  1233 :  4.0229115e-02  3.4831582e-01 
  1234 :  3.6504619e-02  3.5160819e-01 
  1235 :  4.1217655e-02  3.5318752e-01 
  1236 :  3.7493334e-02  3.5647986e-01 
  1237 :  4.2206586e-02  3.5805915e-01 
  1238 :  3.8482290e-02  3.6135146e-01 
  1239 :  4.3195566e-02  3.6293076e-01 
  1240 :  3.9322348e-02  3.6623750e-01 
  1241 :  4.4159771e-02  3.6780478e-01 
  1242 :  4.0210637e-02  3.7110469e-01 
  1243 :  4.5127848e-02  3.7267606e-01 
  1244 :  4.1449425e-02  3.7596629e-01 
  1245 :  4.6154797e-02  3.7754600e-01 
  1246 :  4.2392016e-02  3.8084833e-01 
  1247 :  4.7142635e-02  3.8241903e-01 
  1248 :  4.3373119e-02  3.8572192e-01 
  1249 :  4.8130125e-02  3.8729122e-01 
  1250 :  4.4405708e-02  3.9058363e-01 
  1251 :  4.9129030e-02  3.9216064e-01 
  1252 :  4.5403656e-02  3.9545323e-01 
  1253 :  5.0118313e-02  3.9703221e-01 
  1254 :  4.6394227e-02  4.0032450e-01 
  1255 :  5.1107654e-02  4.0190376e-01 
  1256 :  4.7383579e-02  4.0519606e-01 
  1257 :  5.2096765e-02  4.0677536e-01 
  1258 :  4.8372684e-02  4.1006765e-01 
  1259 :  5.3086038e-02  4.1164693e-01 
  1260 :  4.9367352e-02  4.1493812e-01 
  1261 :  5.4075843e-02  4.1651840e-01 
  1262 :  5.0372109e-02  4.1979875e-01 
  1263 :  5.5067602e-02  4.2138817e-01 
  1264 :  5.1388242e-02  4.2465540e-01 
  1265 :  5.6061615e-02  4.2625698e-01 
  1266 :  5.2409047e-02  4.2950863e-01 
  1267 :  5.7056749e-02  4.3112506e-01 
  1268 :  5.3433555e-02  4.3436049e-01 
  1269 :  5.8052719e-02  4.3599279e-01 
  1270 :  5.4461715e-02  4.3921192e-01 
  1271 :  5.9049404e-02  4.4086040e-01 
  1272 :  3.4478987e-02  3.6476385e-01 
  1273 :  4.1693178e-02  3.9875919e-01 
  1274 :  3.5989607e-02  2.4321099e-02 
  1275 :  5.1415893e-02  5.6693528e-02 
  1276 :  1.9534085e-02  2.4599715e-01 
  1277 :  2.3743255e-02  1.1576518e-01 
  1278 :  2.6471987e-02  1.0758442e-01 
  1279 :  5.3638818e-02  8.9370914e-02 
  1280 :  1.9602380e-02  2.6865455e-01 
  1281 :  2.5802775e-02  3.9018823e-02 
  1282 :  2.4998791e-02  5.6961212e-02 
  1283 :  2.6906169e-02  2.3942777e-01 
  1284 :  2.2259718e-02  2.3783353e-01 
  1285 :  6.0368076e-02  2.9604398e-01 
  1286 :  5.4632254e-02  9.4263885e-02 
  1287 :  5.5821954e-02  4.0348555e-01 
  1288 :  4.8886791e-02  3.6938403e-01 
  1289 :  2.9175277e-02  1.8569740e-01 
  1290 :  3.3598239e-02  2.5074960e-01 
  1291 :  4.1975286e-02  3.3528055e-01 
  1292 :  3.9009536e-02  3.2066580e-01 
  1293 :  3.3830259e-02  2.7352826e-01 
  1294 :  5.1988280e-02  2.1150185e-01 
  1295 :  5.3442441e-02  2.6193593e-01 
  1296 :  1.6314794e-02  1.2237214e-01 
  1297 :  5.7226316e-02  1.7239250e-01 
  1298 :  6.0945280e-02  1.6910077e-01 
  1299 :  2.6729990e-02  1.3039191e-01 
  1300 :  5.8448421e-02  2.0004519e-01 
  1301 :  6.2173513e-02  1.9675250e-01 
  1302 :  6.8512172e-02  3.5780432e-01 
  1303 :  6.2610573e-02  2.4232034e-01 
  1304 :  5.7919941e-02  2.4073632e-01 
  1305 :  6.7323695e-02  2.4389997e-01 
  1306 :  7.1479816e-02  3.7242116e-01 
  1307 :  7.4446931e-02  3.8703585e-01 
  1308 :  7.7415430e-02  4.0165838e-01 
  1309 :  4.9304980e-02  1.3341471e-01 
  1310 :  2.1025493e-02  1.2394125e-01 
  1311 :  1.7320137e-02  4.0710279e-02 
  1312 :  1.2219381e-02  3.8658553e-02 
  1313 :  4.6137573e-02  9.5972813e-02 
  1314 :  5.5098563e-02  5.3376634e-02 
  1315 :  5.5493278e-02  4.4406258e-01 
  1316 :  6.0046806e-02  4.4572784e-01 
  1317 :  5.6528373e-02  4.4891303e-01 
  1318 :  6.1044881e-02  4.5059522e-01 
  1319 :  6.4730492e-02  4.4732555e-01 
  1320 :  5.3044675e-02  4.3621054e-02 
  1321 :  2.7904460e-02  3.3067431e-01 
  1322 :  8.2393382e-02  3.6242221e-01 
  1323 :  1.6418521e-02  2.0857847e-01 
  1324 :  7.3988064e-02  2.7793100e-01 
  1325 :  1.1797249e-02  1.2095404e-01 
  1326 :  1.2981718e-01  6.5900632e-01 
  1327 :  1.3449221e-01  6.6068635e-01 
  1328 :  1.3818573e-01  6.5742468e-01 
  1329 :  1.3908357e-01  6.6228600e-01 
  1330 :  1.3547453e-01  6.6555085e-01 
  1331 :  1.4006109e-01  6.6713472e-01 
  1332 :  1.3646596e-01  6.7039858e-01 
  1333 :  1.4110623e-01  6.7196892e-01 
  1334 :  1.3150540e-01  6.6902849e-01 
  1335 :  1.3763949e-01  6.7520668e-01 
  1336 :  1.4214084e-01  6.7680564e-01 
  1337 :  1.3867063e-01  6.8004455e-01 
  1338 :  1.4304221e-01  6.8145877e-01 
  1339 :  2.4902938e-02  2.9336014e-01 
  1340 :  6.7644649e-02  1.8042175e-01 
  1341 :  6.6645318e-02  1.7526782e-01 
  1342 :  1.1458665e-01  6.2710092e-01 
  1343 :  9.8099440e-02  5.8954197e-01 
  1344 :  1.1622584e-02  1.1926250e-02 
  1345 :  8.9592225e-02  4.1947944e-01 
  1346 :  8.6044893e-02  4.2273529e-01 
  1347 :  9.0571102e-02  4.2435405e-01 
  1348 :  8.7030815e-02  4.2760849e-01 
  1349 :  9.1510705e-02  4.2923665e-01 
  1350 :  8.8010857e-02  4.3248387e-01 
  1351 :  6.6755020e-02  2.5606154e-02 
  1352 :  6.2187582e-02  2.4001105e-02 
  1353 :  6.5721498e-02  2.0745325e-02 
  1354 :  6.1185640e-02  1.9141259e-02 
  1355 :  6.4888949e-02  1.5853933e-02 
  1356 :  6.0219242e-02  1.4287215e-02 
  1357 :  5.6494142e-02  1.7591980e-02 
  1358 :  5.5498464e-02  1.2760809e-02 
  1359 :  2.4728215e-02  1.1613965e-02 
  1360 :  2.8309540e-02  8.3151089e-03 
  1361 :  6.4098214e-02  1.1230150e-02 
  1362 :  2.5058878e-02  3.1617004e-01 
  1363 :  6.8401291e-02  1.6251389e-01 
  1364 :  7.2309944e-02  2.0499963e-01 
  1365 :  1.2514531e-01  6.5751973e-01 
  1366 :  7.0859387e-02  2.4083404e-01 
  1367 :  8.4259763e-02  3.4940273e-01 
  1368 :  1.3922589e-01  6.8476869e-01 
  1369 :  1.4381637e-01  6.8642282e-01 
  1370 :  8.4359913e-02  3.7222885e-01 
  1371 :  1.2330093e-02  1.6629068e-01 
  1372 :  8.8590783e-02  3.9177962e-01 
  1373 :  9.8199649e-03  4.7310479e-02 
  1374 :  4.6021096e-02  9.9105598e-03 
  1375 :  5.7566757e-02  4.5376274e-01 
  1376 :  6.2043166e-02  4.5546255e-01 
  1377 :  5.8608490e-02  4.5861238e-01 
  1378 :  6.3042996e-02  4.6032967e-01 
  1379 :  3.7640950e-02  1.1630493e-02 
  1380 :  1.1214993e-02  3.0214167e-02 
  1381 :  6.6355828e-02  6.6431306e-02 
  1382 :  6.9256417e-02  2.1309338e-01 
  1383 :  7.5917911e-02  2.8773068e-01 
  1384 :  8.6973711e-02  3.8207219e-01 
  1385 :  6.6364270e-02  1.1272571e-01 
  1386 :  9.2779196e-02  4.3405272e-01 
  1387 :  8.9045447e-02  4.3734631e-01 
  1388 :  9.3511976e-02  4.3897713e-01 
  1389 :  8.9999479e-02  4.4222583e-01 
  1390 :  9.4410378e-02  4.4386805e-01 
  1391 :  9.0967313e-02  4.4710373e-01 
  1392 :  8.4339772e-02  4.3576605e-01 
  1393 :  6.6436582e-02  4.7610333e-02 
  1394 :  8.5651249e-02  5.4936635e-01 
  1395 :  9.0280476e-02  5.5097949e-01 
  1396 :  6.6579664e-02  8.8904970e-02 
  1397 :  1.4687185e-01  6.7835709e-01 
  1398 :  1.5500116e-02  2.2652073e-01 
  1399 :  7.2183249e-02  2.4545259e-01 
  1400 :  5.9580267e-02  4.6366383e-01 
  1401 :  6.4030924e-02  4.6523048e-01 
  1402 :  6.0412648e-02  4.6864722e-01 
  1403 :  6.4993145e-02  4.7012565e-01 
  1404 :  6.7690126e-02  4.6194217e-01 
  1405 :  6.1504412e-02  4.7332585e-01 
  1406 :  6.5995321e-02  4.7496887e-01 
  1407 :  1.1540224e-01  6.3169108e-01 
  1408 :  6.8475604e-02  9.3900359e-02 
  1409 :  1.3150158e-01  6.2345058e-01 
  1410 :  7.1206824e-02  1.5874773e-01 
  1411 :  9.6728073e-02  5.8470101e-01 
  1412 :  1.6472984e-02  2.3175048e-01 
  1413 :  9.2640231e-03  1.6922432e-01 
  1414 :  6.9931785e-02  1.7648451e-02 
  1415 :  1.3288856e-02  1.9399677e-01 
  1416 :  1.4496403e-01  6.6856476e-01 
  1417 :  8.1421148e-02  5.4770052e-01 
  1418 :  9.5746796e-02  4.4867033e-01 
  1419 :  9.2011219e-02  4.5196421e-01 
  1420 :  8.7292929e-02  4.5037889e-01 
  1421 :  9.6765249e-02  4.5347122e-01 
  1422 :  9.3014415e-02  4.5682280e-01 
  1423 :  9.5387806e-02  4.2588668e-01 
  1424 :  1.3494609e-01  6.8244204e-01 
  1425 :  9.7570515e-03  1.9761456e-01 
  1426 :  9.8940072e-03  7.0075187e-02 
  1427 :  6.4664084e-03  7.3655785e-02 
  1428 :  9.1397489e-03  6.4954213e-02 
  1429 :  1.4280057e-01  6.5967746e-01 
  1430 :  1.4190555e-01  6.5484034e-01 
  1431 :  9.1558381e-02  4.0639715e-01 
  1432 :  1.3458013e-02  2.3576835e-01 
  1433 :  9.7866913e-02  4.5830587e-01 
  1434 :  9.4024713e-02  4.6168663e-01 
  1435 :  9.8868036e-02  4.6317751e-01 
  1436 :  9.4989263e-02  4.6658087e-01 
  1437 :  9.8290696e-02  4.4052125e-01 
  1438 :  8.6268602e-02  5.5423830e-01 
  1439 :  8.3238013e-02  5.5960173e-01 
  1440 :  8.8790198e-02  5.5895776e-01 
  1441 :  1.3606689e-01  6.2578711e-01 
  1442 :  1.3112085e-01  6.1830805e-01 
  1443 :  7.0367267e-02  6.3215212e-02 
  1444 :  7.5614510e-02  2.4189967e-01 
  1445 :  5.6517010e-02  4.7181909e-01 
  1446 :  9.3457556e-02  4.1610892e-01 
  1447 :  8.6553270e-02  5.6313074e-01 
  1448 :  9.1517047e-02  5.6304525e-01 
  1449 :  3.7649242e-02  3.7929732e-01 
  1450 :  9.9808005e-02  4.6807510e-01 
  1451 :  9.5996334e-02  4.7143780e-01 
  1452 :  1.0080720e-01  4.7298249e-01 
  1453 :  9.6990201e-02  4.7631355e-01 
  1454 :  1.0168196e-01  4.7790542e-01 
  1455 :  9.7960689e-02  4.8119629e-01 
  1456 :  3.2737300e-02  3.5497846e-01 
  1457 :  3.9573036e-02  3.8910477e-01 
  1458 :  1.2435073e-01  5.8955085e-01 
  1459 :  3.0801764e-02  3.4515738e-01 
  1460 :  1.0568061e-01  4.7450082e-01 
  1461 :  9.7784030e-03  1.3370689e-01 
  1462 :  1.0989177e-02  1.3895715e-01 
  1463 :  7.3853712e-02  2.5035682e-01 
  1464 :  1.1074351e-01  6.3023568e-01 
  1465 :  1.2237011e-01  5.7988638e-01 
  1466 :  1.1764036e-01  5.7836761e-01 
  1467 :  1.2132397e-01  5.7504779e-01 
  1468 :  1.2716667e-01  5.8132807e-01 
  1469 :  1.2498540e-01  5.7164756e-01 
  1470 :  1.2038323e-01  5.7014878e-01 
  1471 :  6.1863484e-02  4.7853518e-01 
  1472 :  6.6881528e-02  4.7989196e-01 
  1473 :  6.3206896e-02  4.8364896e-01 
  1474 :  6.7921763e-02  4.8472058e-01 
  1475 :  4.5859514e-03  6.2518473e-02 
  1476 :  8.5837167e-03  5.9818592e-02 
  1477 :  1.0271404e-01  4.8272796e-01 
  1478 :  9.8954366e-02  4.8606067e-01 
  1479 :  9.4231601e-02  4.8448358e-01 
  1480 :  1.0366031e-01  4.8765027e-01 
  1481 :  9.9937183e-02  4.9094002e-01 
  1482 :  1.3504418e-01  6.1478446e-01 
  1483 :  1.3015710e-01  6.1335495e-01 
  1484 :  1.2517734e-01  6.1190532e-01 
  1485 :  1.2883410e-01  6.0861742e-01 
  1486 :  6.8591228e-02  7.6135605e-02 
  1487 :  6.9466800e-02  8.0932769e-02 
  1488 :  7.2445670e-02  7.2481114e-02 
  1489 :  1.0204605e-01  4.5479674e-01 
  1490 :  1.4484745e-02  8.4482931e-03 
  1491 :  5.8492815e-03  1.3701850e-01 
  1492 :  1.0054734e-02  1.4412545e-01 
  1493 :  1.4756701e-02  1.4250336e-01 
  1494 :  8.6394810e-03  1.2891177e-01 
  1495 :  6.8861563e-02  3.5383189e-02 
  1496 :  7.3320270e-02  3.1849381e-02 
  1497 :  1.3625228e-01  6.3034934e-01 
  1498 :  1.3509175e-01  6.3489811e-01 
  1499 :  1.3779342e-01  6.3850411e-01 
  1500 :  4.3659337e-02  4.0848835e-01 
  1501 :  3.2877070e-02  9.9771647e-03 
  1502 :  1.0393237e-01  4.6468358e-01 
  1503 :  7.1829741e-02  1.9987821e-01 
  1504 :  5.3978952e-03  1.4714593e-01 
  1505 :  9.6554882e-03  1.4976987e-01 
  1506 :  9.3521378e-03  1.5484969e-01 
  1507 :  5.0709944e-02  1.1468786e-02 
  1508 :  5.1768515e-02  1.6100385e-02 
  1509 :  1.0466087e-01  4.9250230e-01 
  1510 :  1.0092546e-01  4.9580947e-01 
  1511 :  1.0565270e-01  4.9736987e-01 
  1512 :  1.0190559e-01  5.0065130e-01 
  1513 :  1.9953433e-02  9.0867536e-03 
  1514 :  1.2020268e-02  1.8896124e-01 
  1515 :  3.3982404e-02  1.4714394e-02 
  1516 :  7.8820678e-02  2.5213373e-01 
  1517 :  5.0373435e-02  5.1795940e-02 
  1518 :  5.9250401e-02  8.7584984e-03 
  1519 :  5.3688940e-02  8.0623117e-03 
  1520 :  6.4179974e-02  9.7392058e-02 
  1521 :  6.8920750e-02  9.9821454e-02 
  1522 :  7.3626938e-02  1.0251628e-01 
  1523 :  7.3980482e-02  1.0758808e-01 
  1524 :  7.3697807e-02  9.2215304e-02 
  1525 :  4.1669618e-03  1.2690271e-02 
  1526 :  7.2640946e-03  7.8404751e-02 
  1527 :  4.6666209e-02  5.5107262e-02 
  1528 :  1.6478718e-02  3.5716288e-02 
  1529 :  3.1289365e-02  2.2745103e-02 
  1530 :  1.0853170e-01  4.8912405e-01 
  1531 :  2.0910708e-02  1.4666790e-02 
  1532 :  4.0766426e-02  7.9062287e-03 
  1533 :  4.5480863e-02  4.8348726e-03 
  1534 :  9.1803587e-02  3.8070217e-01 
  1535 :  9.0736485e-02  3.7079661e-01 
  1536 :  8.9531749e-02  3.6090712e-01 
  1537 :  8.3614819e-02  3.0643966e-01 
  1538 :  7.9637096e-02  3.0892843e-01 
  1539 :  7.9923890e-02  3.1436317e-01 
  1540 :  8.2709403e-02  2.9678587e-01 
  1541 :  7.8492486e-02  2.9941076e-01 
  1542 :  8.1821283e-02  2.8660433e-01 
  1543 :  8.1054119e-02  2.7666152e-01 
  1544 :  8.0244439e-02  2.6678280e-01 
  1545 :  7.7678441e-02  2.3193635e-01 
  1546 :  7.3572106e-02  2.3456455e-01 
  1547 :  7.5644047e-02  1.9213408e-01 
  1548 :  7.0415399e-02  1.8941104e-01 
  1549 :  7.1297767e-02  1.8409182e-01 
  1550 :  7.1358316e-02  1.9479365e-01 
  1551 :  6.7253950e-02  1.9795994e-01 
  1552 :  7.5018405e-02  1.7225316e-01 
  1553 :  7.0344271e-02  1.7035404e-01 
  1554 :  7.4233553e-02  1.4727757e-01 
  1555 :  6.9685846e-02  1.4504602e-01 
  1556 :  6.9823201e-02  1.4003594e-01 
  1557 :  7.3998114e-02  1.3737404e-01 
  1558 :  6.9952412e-02  1.3495747e-01 
  1559 :  6.9827271e-02  1.3016375e-01 
  1560 :  6.5445825e-02  1.3283232e-01 
  1561 :  7.3861500e-02  1.1754478e-01 
  1562 :  6.9043547e-02  1.2039432e-01 
  1563 :  1.1319741e-01  5.1350248e-01 
  1564 :  1.0944243e-01  5.1677190e-01 
  1565 :  1.0849013e-01  5.1189207e-01 
  1566 :  1.0475029e-01  5.1516951e-01 
  1567 :  1.0569279e-01  5.2003574e-01 
  1568 :  1.0379766e-01  5.1033691e-01 
  1569 :  1.0101806e-01  5.1850047e-01 
  1570 :  1.0196809e-01  5.2337185e-01 
  1571 :  1.0668389e-01  5.2494919e-01 
  1572 :  1.0300991e-01  5.2828811e-01 
  1573 :  1.0756079e-01  5.0703617e-01 
  1574 :  1.0156247e-01  4.4392049e-01 
  1575 :  9.9240028e-02  4.2927356e-01 
  1576 :  9.3777972e-02  3.9553748e-01 
  1577 :  8.6473880e-02  3.3635002e-01 
  1578 :  8.5939560e-02  3.3134621e-01 
  1579 :  8.1181025e-02  3.2969397e-01 
  1580 :  8.5218292e-02  3.2133259e-01 
  1581 :  7.6968748e-02  2.1719842e-01 
  1582 :  7.7140092e-02  2.2202440e-01 
  1583 :  7.2666095e-02  2.1973712e-01 
  1584 :  7.2945490e-02  2.2473100e-01 
  1585 :  6.1841460e-02  1.2886505e-01 
  1586 :  4.9072611e-02  2.4184152e-02 
  1587 :  5.7486362e-02  2.2443561e-02 
  1588 :  1.2109981e-01  5.5234540e-01 
  1589 :  1.1641922e-01  5.5081390e-01 
  1590 :  1.1743359e-01  5.5563627e-01 
  1591 :  1.1274198e-01  5.5409499e-01 
  1592 :  1.1374821e-01  5.5892789e-01 
  1593 :  1.1004159e-01  5.6221928e-01 
  1594 :  1.1474470e-01  5.6374471e-01 
  1595 :  1.0803434e-01  5.5253875e-01 
  1596 :  1.1844296e-01  5.6045846e-01 
  1597 :  1.1943663e-01  5.6527045e-01 
  1598 :  1.1540706e-01  5.4598103e-01 
  1599 :  1.3055703e-01  5.9570704e-01 
  1600 :  1.3161946e-01  6.0046717e-01 
  1601 :  1.2681639e-01  5.9907243e-01 
  1602 :  1.4284842e-01  6.4344817e-01 
  1603 :  1.3894141e-01  6.4699294e-01 
  1604 :  1.0324864e-02  2.2558854e-01 
  1605 :  1.2674241e-01  6.2186855e-01 
  1606 :  1.5377735e-01  6.8634729e-01 
  1607 :  1.5060775e-01  6.9004599e-01 
  1608 :  1.5183704e-01  6.9468085e-01 
  1609 :  1.4720119e-01  6.9371379e-01 
  1610 :  1.4855342e-01  6.9822387e-01 
  1611 :  1.4889945e-01  6.8598404e-01 
  1612 :  1.5318628e-01  6.9941924e-01 
  1613 :  1.4987303e-01  7.0290777e-01 
  1614 :  1.5452771e-01  7.0415590e-01 
  1615 :  1.5115930e-01  7.0767193e-01 
  1616 :  1.5585953e-01  7.0890817e-01 
  1617 :  1.5236521e-01  7.1246782e-01 
  1618 :  1.5717085e-01  7.1367466e-01 
  1619 :  1.5351534e-01  7.1744784e-01 
  1620 :  1.5856484e-01  7.1840160e-01 
  1621 :  1.6201013e-01  7.1484486e-01 
  1622 :  4.4125002e-03  2.2483733e-02 
  1623 :  4.0942779e-03  2.7532190e-02 
  1624 :  6.4504135e-02  5.1799490e-02 
  1625 :  1.5929662e-01  7.0535525e-01 
  1626 :  4.3287351e-03  3.7502411e-02 
  1627 :  8.5380879e-03  3.4651170e-02 
  1628 :  1.1907994e-01  5.4269751e-01 
  1629 :  1.1041136e-01  5.2166272e-01 
  1630 :  2.1242074e-02  6.0268793e-02 
  1631 :  1.3719559e-01  6.5223628e-01 
  1632 :  1.1040857e-01  4.9885939e-01 
  1633 :  4.9885853e-02  9.2672910e-02 
  1634 :  4.8896270e-02  8.7780588e-02 
  1635 :  1.2211846e-01  5.5716220e-01 
  1636 :  5.8489579e-02  2.7302660e-02 
  1637 :  1.6626186e-01  7.2900141e-01 
  1638 :  1.6106997e-01  7.2806152e-01 
  1639 :  1.6265664e-01  7.3276008e-01 
  1640 :  1.5637966e-01  7.2620326e-01 
  1641 :  1.5925895e-01  7.3679996e-01 
  1642 :  1.5985269e-01  7.2309837e-01 
  1643 :  1.1101134e-01  5.6704355e-01 
  1644 :  6.8643822e-02  1.2577756e-02 
  1645 :  4.3648656e-02  4.0461317e-02 
  1646 :  8.4752634e-02  3.1635430e-01 
  1647 :  7.5473056e-02  1.8205181e-01 
  1648 :  3.1487788e-02  4.5473186e-02 
  1649 :  9.6209067e-02  4.9422516e-01 
  1650 :  7.0658199e-02  4.7656706e-01 
  1651 :  1.6918233e-01  7.3832682e-01 
  1652 :  4.3088252e-03  8.7487737e-02 
  1653 :  8.6469265e-03  8.9994595e-02 
  1654 :  8.5866648e-03  9.4885268e-02 
  1655 :  1.2390356e-02  9.2359706e-02 
  1656 :  1.2969073e-02  8.7503924e-02 
  1657 :  4.3386123e-03  9.7485286e-02 
  1658 :  8.5225793e-03  9.9905047e-02 
  1659 :  8.7969490e-03  1.0518312e-01 
  1660 :  1.1225842e-01  5.0860309e-01 
  1661 :  7.3977704e-02  1.2743322e-01 
  1662 :  1.2170444e-01  5.9767144e-01 
  1663 :  1.2548021e-01  5.9434438e-01 
  1664 :  1.2066100e-01  5.9284724e-01 
  1665 :  1.7221132e-01  7.4766545e-01 
  1666 :  7.3884634e-02  4.2527378e-02 
  1667 :  1.1294447e-01  5.7677415e-01 
  1668 :  1.5660503e-01  6.9587809e-01 
  1669 :  6.2751335e-02  4.3758321e-01 
  1670 :  2.2055520e-02  4.2306094e-02 
  1671 :  9.1266324e-02  4.6986276e-01 
  1672 :  6.0771153e-02  4.2784188e-01 
  1673 :  1.1512453e-01  5.2328608e-01 
  1674 :  3.2271484e-02  2.7597400e-02 
  1675 :  8.9289711e-02  4.6011496e-01 
  1676 :  5.8788794e-02  4.1809777e-01 
  1677 :  2.1257075e-02  2.3300413e-01 
  1678 :  1.8016812e-01  7.7562456e-01 
  1679 :  1.1440246e-01  5.4114335e-01 
  1680 :  8.1368838e-02  4.2114733e-01 
  1681 :  5.3843630e-02  3.9374191e-01 
  1682 :  1.0700844e-01  5.4769922e-01 
  1683 :  7.9391636e-02  4.1140215e-01 
  1684 :  5.1862434e-02  3.8399907e-01 
  1685 :  4.7840474e-03  4.7188978e-02 
  1686 :  5.2778229e-02  2.0901878e-02 
  1687 :  4.7672095e-02  5.9999409e-02 
  1688 :  4.2932484e-02  5.8414791e-02 
  1689 :  6.7523605e-02  3.5293372e-01 
  1690 :  4.6920423e-02  3.5963970e-01 
  1691 :  2.5936897e-02  2.3455676e-01 
  1692 :  3.0633378e-02  2.3613406e-01 
  1693 :  7.3760572e-02  5.2830675e-02 
  1694 :  1.4311398e-02  1.1256311e-01 
  1695 :  9.2601451e-03  1.1092050e-01 
  1696 :  1.0901441e-02  1.1609128e-01 
  1697 :  3.5024727e-02  1.9489402e-02 
  1698 :  2.1509631e-02  8.3126013e-02 
  1699 :  4.4942191e-02  3.4989545e-01 
  1700 :  1.6952654e-02  1.9067932e-01 
  1701 :  1.7273702e-02  2.1347766e-01 
  1702 :  1.2787010e-02  2.1223842e-01 
  1703 :  1.3534102e-02  2.1692387e-01 
  1704 :  2.5227570e-02  7.9844155e-02 
  1705 :  3.0717392e-02  6.3442663e-02 
  1706 :  3.6973657e-02  2.9174144e-02 
  1707 :  2.5683566e-02  2.1177039e-01 
  1708 :  4.6355450e-02  1.1879100e-01 
  1709 :  4.7339156e-02  1.2366827e-01 
  1710 :  4.1634269e-02  1.1720963e-01 
  1711 :  2.1964975e-02  2.1506203e-01 
  1712 :  5.6642200e-02  2.9933633e-01 
  1713 :  2.0713346e-02  1.8740944e-01 
  1714 :  4.6912032e-02  7.7993066e-02 
  1715 :  4.7904066e-02  8.2887329e-02 
  1716 :  4.2176137e-02  7.6405085e-02 
  1717 :  2.8467048e-02  1.1734503e-01 
  1718 :  2.7469505e-02  1.1246542e-01 
  1719 :  2.1417648e-02  1.4658719e-01 
  1720 :  2.4457511e-02  1.8411760e-01 
  1721 :  5.8536383e-02  1.1377903e-01 
  1722 :  1.3704500e-02  6.6800610e-02 
  1723 :  3.5808655e-02  2.8327198e-01 
  1724 :  3.0204113e-02  1.0428663e-01 
  1725 :  2.9407995e-02  2.0847767e-01 
  1726 :  3.7038852e-02  3.1093323e-01 
  1727 :  3.0397460e-02  2.1334978e-01 
  1728 :  3.1386933e-02  2.1822176e-01 
  1729 :  2.4225993e-02  7.4954230e-02 
  1730 :  2.6963917e-02  1.5317363e-01 
  1731 :  2.7196564e-02  1.7595321e-01 
  1732 :  2.4919443e-02  1.4336175e-01 
  1733 :  9.3242779e-02  4.7961897e-01 
  1734 :  4.2656710e-02  4.0364258e-01 
  1735 :  3.7848748e-02  4.0219764e-01 
  1736 :  3.4354629e-02  2.3283973e-01 
  1737 :  4.0622575e-02  3.9395366e-01 
  1738 :  3.4623502e-02  3.8767814e-01 
  1739 :  3.8534753e-02  3.8425134e-01 
  1740 :  3.2675076e-02  3.7792949e-01 
  1741 :  3.6361629e-02  3.7445270e-01 
  1742 :  3.3586912e-02  3.5992186e-01 
  1743 :  3.1745309e-02  3.5013081e-01 
  1744 :  2.3874733e-02  2.8830334e-01 
  1745 :  8.6302729e-02  4.4550863e-01 
  1746 :  6.1124338e-02  2.7813266e-01 
  1747 :  5.7399331e-02  2.8142502e-01 
  1748 :  2.5924226e-02  2.9830175e-01 
  1749 :  8.3346054e-02  4.3089292e-01 
  1750 :  1.5462457e-02  2.0368317e-01 
  1751 :  6.2344607e-02  3.0579045e-01 
  1752 :  5.8620644e-02  3.0908113e-01 
  1753 :  5.9609822e-02  3.1395340e-01 
  1754 :  4.4635270e-02  4.1341477e-01 
  1755 :  7.6426266e-02  3.9678596e-01 
  1756 :  6.0538162e-02  4.0507087e-01 
  1757 :  7.3457913e-02  3.8216323e-01 
  1758 :  5.3613835e-02  3.7096658e-01 
  1759 :  6.9440343e-02  4.4891398e-01 
  1760 :  4.6689572e-02  3.3686252e-01 
  1761 :  7.0490364e-02  3.6754661e-01 
  1762 :  4.3722095e-02  3.2224586e-01 
  1763 :  7.1248050e-02  3.4963998e-01 
  1764 :  7.0259503e-02  3.4476700e-01 
  1765 :  6.5544846e-02  3.4318589e-01 
  1766 :  6.4555721e-02  3.3831259e-01 
  1767 :  6.8297180e-02  3.3501202e-01 
  1768 :  6.7312778e-02  3.3013686e-01 
  1769 :  6.2580316e-02  3.2856599e-01 
  1770 :  6.1588291e-02  3.2369700e-01 
  1771 :  6.5305573e-02  3.2040678e-01 
  1772 :  6.4312939e-02  3.1553517e-01 
  1773 :  3.5576087e-02  2.6049139e-01 
  1774 :  2.1895761e-02  2.7861271e-01 
  1775 :  1.7811745e-02  2.8194180e-01 
  1776 :  1.9942884e-02  2.7377349e-01 
  1777 :  1.8802903e-02  2.4105403e-01 
  1778 :  1.8662342e-02  2.6378848e-01 
  1779 :  6.4093358e-02  2.9275172e-01 
  1780 :  5.9378015e-02  2.9117004e-01 
  1781 :  6.3103112e-02  2.8787770e-01 
  1782 :  3.7554644e-02  2.7023425e-01 
  1783 :  3.7322301e-02  2.4745418e-01 
  1784 :  2.8830719e-02  3.3549312e-01 
  1785 :  3.2899763e-02  1.8240468e-01 
  1786 :  1.4255589e-02  1.7604456e-01 
  1787 :  5.9145768e-02  2.6838785e-01 
  1788 :  5.5420837e-02  2.7168037e-01 
  1789 :  7.2408029e-02  4.6353384e-01 
  1790 :  2.0599378e-02  2.5085326e-01 
  1791 :  1.6919119e-02  2.5363880e-01 
  1792 :  1.5663721e-02  1.6301883e-01 
  1793 :  1.1012060e-02  1.6162318e-01 
  1794 :  7.6364063e-02  4.8302015e-01 
  1795 :  7.2638582e-02  4.8630968e-01 
  1796 :  7.3630152e-02  4.9118569e-01 
  1797 :  6.8964327e-02  4.8959304e-01 
  1798 :  7.0039047e-02  4.9445108e-01 
  1799 :  7.4641790e-02  4.9605315e-01 
  1800 :  7.1046273e-02  4.9931952e-01 
  1801 :  6.5672021e-02  4.9360052e-01 
  1802 :  7.5387124e-02  5.0080517e-01 
  1803 :  7.1692175e-02  5.0399121e-01 
  1804 :  6.6956305e-02  5.0260216e-01 
  1805 :  6.8581837e-02  5.0718766e-01 
  1806 :  7.2750923e-02  5.0892299e-01 
  1807 :  7.2035771e-02  5.1453364e-01 
  1808 :  7.6707066e-02  5.1245745e-01 
  1809 :  7.5996733e-02  5.1741597e-01 
  1810 :  7.2264966e-02  5.1880836e-01 
  1811 :  7.5262967e-02  5.2267338e-01 
  1812 :  7.8107036e-02  5.0799954e-01 
  1813 :  7.8348681e-02  4.9276443e-01 
  1814 :  3.2143279e-02  2.0031326e-01 
  1815 :  4.2500733e-02  2.9459413e-01 
  1816 :  1.1808612e-01  5.3786949e-01 
  1817 :  5.6930838e-02  2.3586390e-01 
  1818 :  5.3209928e-02  2.3915614e-01 
  1819 :  5.4199141e-02  2.4402843e-01 
  1820 :  3.2666872e-02  1.5962437e-01 
  1821 :  1.1393501e-01  5.8163284e-01 
  1822 :  1.2003786e-02  7.9988831e-02 
  1823 :  2.8185272e-02  1.8082519e-01 
  1824 :  2.9687808e-02  1.4499735e-01 
  1825 :  5.2977619e-02  2.1637392e-01 
  1826 :  5.8156539e-02  2.6351539e-01 
  1827 :  5.3268733e-02  1.5290356e-01 
  1828 :  5.2279141e-02  1.4803120e-01 
  1829 :  5.1231520e-02  2.2941124e-01 
  1830 :  2.1726658e-02  1.9228322e-01 
  1831 :  4.9020136e-02  1.9688642e-01 
  1832 :  6.3000942e-02  1.1547656e-01 
  1833 :  4.7798023e-02  1.6923379e-01 
  1834 :  3.3889163e-02  1.8727673e-01 
  1835 :  5.2641927e-02  8.4475600e-02 
  1836 :  5.0766291e-02  1.8384932e-01 
  1837 :  3.7786986e-02  2.9301518e-01 
  1838 :  4.9543999e-02  1.5619664e-01 
  1839 :  2.4927123e-02  2.2967905e-01 
  1840 :  4.7564842e-02  1.4645229e-01 
  1841 :  4.6574947e-02  1.4157996e-01 
  1842 :  8.7739311e-02  3.8708105e-01 
  1843 :  4.0755999e-02  3.0763223e-01 
  1844 :  6.5837062e-02  2.1620426e-01 
  1845 :  3.6100587e-02  2.1980124e-01 
  1846 :  3.0921134e-02  1.7266067e-01 
  1847 :  3.1677556e-02  1.5475247e-01 
  1848 :  4.4829909e-02  1.5461768e-01 
  1849 :  4.6052190e-02  1.8227036e-01 
  1850 :  4.3084054e-02  1.6765451e-01 
  1851 :  4.4306257e-02  1.9530714e-01 
  1852 :  2.7953149e-02  1.5804535e-01 
  1853 :  4.6517511e-02  2.2783173e-01 
  1854 :  4.8728505e-02  2.6035636e-01 
  1855 :  8.1414351e-02  3.5748047e-01 
  1856 :  3.6797773e-02  2.8814359e-01 
  1857 :  7.1256298e-02  2.6332296e-01 
  1858 :  2.8418796e-02  2.0360577e-01 
  1859 :  2.6207336e-02  1.7108146e-01 
  1860 :  2.5982165e-02  6.1857072e-02 
  1861 :  7.3028728e-02  2.7300402e-01 
  1862 :  3.6047709e-02  3.0605915e-01 
  1863 :  7.4779489e-02  2.8281512e-01 
  1864 :  8.3335249e-02  3.4459274e-01 
  1865 :  7.7199837e-02  2.9215196e-01 
  1866 :  6.6297184e-02  1.5284436e-01 
  1867 :  6.4657898e-02  2.5204953e-01 
  1868 :  5.9960931e-02  1.6422763e-01 
  1869 :  6.1396440e-02  1.9176280e-01 
  1870 :  8.3231604e-02  3.6728334e-01 
  1871 :  8.5195998e-02  3.7709075e-01 
  1872 :  6.3395445e-02  2.2440490e-01 
  1873 :  3.3132577e-02  2.0518512e-01 
  1874 :  6.5040703e-02  1.4224913e-01 
  1875 :  7.9236317e-02  4.9770059e-01 
  1876 :  4.8263544e-02  2.1479497e-01 
  1877 :  3.8024634e-02  3.1580062e-01 
  1878 :  4.0522425e-02  2.8485055e-01 
  1879 :  5.0293980e-02  1.3828763e-01 
  1880 :  4.9776811e-02  1.7897745e-01 
  1881 :  6.4402415e-02  1.6583630e-01 
  1882 :  4.8554505e-02  1.5132449e-01 
  1883 :  4.9717698e-02  2.6522838e-01 
  1884 :  3.1198842e-02  1.0916742e-01 
  1885 :  4.7274239e-02  2.0992287e-01 
  1886 :  4.4073386e-02  1.7252649e-01 
  1887 :  4.5295453e-02  2.0017907e-01 
  1888 :  4.7506748e-02  2.3270375e-01 
  1889 :  4.2734007e-02  3.1737509e-01 
  1890 :  6.7863028e-02  2.2115061e-01 
  1891 :  2.5988016e-02  1.4826581e-01 
  1892 :  3.5111277e-02  2.1492912e-01 
  1893 :  5.0998828e-02  2.0662991e-01 
  1894 :  3.4819555e-02  2.7839996e-01 
  1895 :  2.5486240e-02  1.0270383e-01 
  1896 :  3.8544177e-02  2.7510664e-01 
  1897 :  5.2220109e-02  2.3428361e-01 
  1898 :  3.9998112e-02  3.2553721e-01 
  1899 :  4.2396631e-02  9.9271437e-02 
  1900 :  4.2850770e-02  1.4487355e-01 
  1901 :  3.0955362e-02  8.6326466e-02 
  1902 :  4.0989080e-02  3.3040890e-01 
  1903 :  5.4431682e-02  2.6680807e-01 
  1904 :  3.2840960e-02  2.6865666e-01 
  1905 :  4.5700700e-02  3.3198960e-01 
  1906 :  3.1851625e-02  2.6378545e-01 
  1907 :  4.8787389e-02  1.7410569e-01 
  1908 :  4.9485171e-02  2.4244816e-01 
  1909 :  3.0864246e-02  2.5891321e-01 
  1910 :  9.5655383e-02  5.3486887e-01 
  1911 :  5.1696127e-02  2.7497261e-01 
  1912 :  4.2963982e-02  3.4015238e-01 
  1913 :  9.4441162e-02  5.0724491e-01 
  1914 :  8.3324927e-02  5.1700052e-01 
  1915 :  4.3953155e-02  3.4502413e-01 
  1916 :  5.0474263e-02  2.4731993e-01 
  1917 :  3.8311991e-02  2.5232653e-01 
  1918 :  5.0009448e-02  2.0175827e-01 
  1919 :  4.1182097e-02  7.1510827e-02 
  1920 :  5.6410191e-02  2.7655254e-01 
  1921 :  5.9130694e-02  7.2964299e-02 
  1922 :  4.8668192e-02  3.4660545e-01 
  1923 :  2.2018344e-02  1.2880369e-01 
  1924 :  9.3668930e-02  5.2514209e-01 
  1925 :  4.1861544e-02  1.4000159e-01 
  1926 :  3.2608484e-02  2.4587813e-01 
  1927 :  5.3501429e-02  1.7568491e-01 
  1928 :  6.5694643e-02  8.4162733e-02 
  1929 :  4.5931026e-02  3.5476757e-01 
  1930 :  3.1620156e-02  2.4100551e-01 
  1931 :  5.0646312e-02  3.5634919e-01 
  1932 :  5.5188407e-02  2.4889964e-01 
  1933 :  5.3674550e-02  2.8471691e-01 
  1934 :  5.8209356e-02  1.7726521e-01 
  1935 :  3.1444056e-02  1.3197130e-01 
  1936 :  2.8963777e-02  7.6539916e-02 
  1937 :  5.4723452e-02  2.0333745e-01 
  1938 :  4.7903816e-02  3.6451238e-01 
  1939 :  5.8388749e-02  2.8629722e-01 
  1940 :  6.1939965e-02  1.7397123e-01 
  1941 :  5.8908016e-02  2.4560823e-01 
  1942 :  5.2621235e-02  3.6609335e-01 
  1943 :  5.9437574e-02  2.0491660e-01 
  1944 :  3.5344508e-02  2.3771146e-01 
  1945 :  4.9876842e-02  3.7425595e-01 
  1946 :  6.3627323e-02  2.4718632e-01 
  1947 :  5.0872025e-02  3.7912782e-01 
  1948 :  6.3161927e-02  2.0162382e-01 
  1949 :  5.5590197e-02  3.8070897e-01 
  1950 :  5.5653091e-02  2.9446233e-01 
  1951 :  4.4159791e-02  8.6191653e-02 
  1952 :  5.2852921e-02  3.8887124e-01 
  1953 :  6.8537217e-02  2.4875536e-01 
  1954 :  5.2916354e-02  3.0262537e-01 
  1955 :  5.7569953e-02  3.9045271e-01 
  1956 :  4.5918132e-02  7.3097943e-02 
  1957 :  3.4587298e-02  2.5562027e-01 
  1958 :  5.7631336e-02  3.0420755e-01 
  1959 :  5.4832699e-02  3.9861356e-01 
  1960 :  8.2654324e-02  5.3495165e-01 
  1961 :  7.7922837e-02  5.3318605e-01 
  1962 :  7.6619136e-02  5.2824616e-01 
  1963 :  8.0157460e-02  5.2478465e-01 
  1964 :  5.9549585e-02  4.0019669e-01 
  1965 :  3.1952663e-02  9.1216989e-02 
  1966 :  5.4895440e-02  3.1237071e-01 
  1967 :  5.6810531e-02  4.0835703e-01 
  1968 :  1.2022698e-01  6.3331813e-01 
  1969 :  4.5583942e-02  1.3670842e-01 
  1970 :  5.7799982e-02  4.1322838e-01 
  1971 :  5.5884020e-02  3.1724187e-01 
  1972 :  6.2517261e-02  4.1481255e-01 
  1973 :  5.8137270e-02  6.8068535e-02 
  1974 :  5.9779963e-02  4.2297080e-01 
  1975 :  6.4495467e-02  4.2455617e-01 
  1976 :  4.1930686e-02  5.3524446e-02 
  1977 :  6.0595694e-02  3.1882477e-01 
  1978 :  6.1764984e-02  4.3271219e-01 
  1979 :  4.2623009e-02  1.2208647e-01 
  1980 :  5.2054621e-02  3.8752205e-02 
  1981 :  6.6474570e-02  4.3429848e-01 
  1982 :  5.7861613e-02  3.2698530e-01 
  1983 :  6.2815599e-02  6.9671949e-02 
  1984 :  6.3748802e-02  4.4245252e-01 
  1985 :  5.8852717e-02  3.3185815e-01 
  1986 :  6.8453934e-02  4.4404099e-01 
  1987 :  8.9763449e-03  8.4205316e-02 
  1988 :  4.3382912e-02  1.0415406e-01 
  1989 :  4.8104980e-02  1.0573745e-01 
  1990 :  6.5731104e-02  4.5219307e-01 
  1991 :  6.6726207e-02  4.5706292e-01 
  1992 :  6.3573270e-02  3.3343607e-01 
  1993 :  7.1421800e-02  4.5865682e-01 
  1994 :  3.0453542e-02  1.2709683e-01 
  1995 :  6.8697399e-02  4.6682064e-01 
  1996 :  7.1640060e-02  4.8144338e-01 
  1997 :  6.9688192e-02  4.7169396e-01 
  1998 :  7.4388621e-02  4.7327687e-01 
  1999 :  6.0830222e-02  3.4160279e-01 
  2000 :  2.9729026e-02  5.8548666e-02 
  2001 :  6.1819993e-02  3.4647530e-01 
  2002 :  1.6544112e-02  5.8657547e-02 
  2003 :  6.6535442e-02  3.4805744e-01 
  2004 :  6.3796394e-02  3.5621871e-01 
  2005 :  8.3716022e-02  5.3986201e-01 
  2006 :  1.0970703e-02  5.2131029e-02 
  2007 :  6.4785745e-02  3.6109063e-01 
  2008 :  3.2094033e-02  4.8920416e-03 
  2009 :  2.5739952e-02  1.2552059e-01 
  2010 :  2.0273641e-02  5.5357439e-02 
  2011 :  6.9501482e-02  3.6267411e-01 
  2012 :  4.4596320e-02  1.3183577e-01 
  2013 :  9.3933981e-02  5.4782050e-01 
  2014 :  9.6305747e-02  5.6234347e-01 
  2015 :  6.6764997e-02  3.7083592e-01 
  2016 :  5.6788207e-02  1.2691271e-01 
  2017 :  2.7224146e-02  8.9631810e-02 
  2018 :  1.0754389e-01  5.9302731e-01 
  2019 :  6.7753930e-02  3.7570765e-01 
  2020 :  7.2468960e-02  3.7729152e-01 
  2021 :  9.7882967e-02  5.6723039e-01 
  2022 :  9.4225881e-02  5.7057001e-01 
  2023 :  9.5249706e-02  5.7528285e-01 
  2024 :  9.1310136e-02  5.7426263e-01 
  2025 :  9.9741597e-02  5.7693860e-01 
  2026 :  6.9732354e-02  3.8545196e-01 
  2027 :  7.0722446e-02  3.9032462e-01 
  2028 :  1.0062622e-01  5.8174234e-01 
  2029 :  2.4745393e-02  1.2064091e-01 
  2030 :  7.5438722e-02  3.9190829e-01 
  2031 :  7.2698993e-02  4.0006905e-01 
  2032 :  1.0950449e-01  6.0272173e-01 
  2033 :  1.0481247e-01  6.0116543e-01 
  2034 :  1.0580431e-01  6.0601184e-01 
  2035 :  1.0120678e-01  6.0410842e-01 
  2036 :  1.0687484e-01  6.1103809e-01 
  2037 :  1.0362533e-01  6.1499626e-01 
  2038 :  7.3686547e-02  4.0493901e-01 
  2039 :  7.8404258e-02  4.0652590e-01 
  2040 :  1.1262310e-01  6.1722641e-01 
  2041 :  4.8316589e-02  1.2854404e-01 
  2042 :  7.5666669e-02  4.1468518e-01 
  2043 :  9.4987567e-02  5.5248828e-01 
  2044 :  1.6817943e-01  7.5432132e-01 
  2045 :  1.1376727e-01  6.2224738e-01 
  2046 :  8.0381395e-02  4.1627090e-01 
  2047 :  1.0771355e-01  5.2986193e-01 
  2048 :  1.3096661e-01  6.6371678e-01 
  2049 :  7.7644788e-02  4.2442958e-01 
  2050 :  8.2358638e-02  4.2601589e-01 
  2051 :  6.5126578e-02  3.8589479e-02 
  2052 :  7.9623331e-02  4.3417589e-01 
  2053 :  1.2299053e-01  6.4790193e-01 
  2054 :  1.1833025e-01  6.4573986e-01 
  2055 :  1.1751894e-01  6.4094850e-01 
  2056 :  1.2378691e-01  6.5281403e-01 
  2057 :  8.0610567e-02  4.3904451e-01 
  2058 :  8.5316649e-02  4.4063501e-01 
  2059 :  6.5812500e-02  3.9464441e-03 
  2060 :  8.2586524e-02  4.4879150e-01 
  2061 :  1.2127264e-01  6.3806971e-01 
  2062 :  1.6335397e-01  7.4568320e-01 
  2063 :  8.3578669e-02  4.5366375e-01 
  2064 :  8.8292698e-02  4.5524663e-01 
  2065 :  9.8154104e-02  5.0394887e-01 
  2066 :  1.0034312e-01  5.3644117e-01 
  2067 :  8.5560674e-02  4.6340655e-01 
  2068 :  7.1112872e-02  2.6719590e-02 
  2069 :  9.0279693e-02  4.6498853e-01 
  2070 :  1.3325315e-01  6.7446959e-01 
  2071 :  8.7536587e-02  4.7314997e-01 
  2072 :  4.8078793e-02  1.9354153e-02 
  2073 :  9.2257890e-02  4.7473632e-01 
  2074 :  8.9510728e-02  4.8289186e-01 
  2075 :  9.0502055e-02  4.8776465e-01 
  2076 :  9.5222281e-02  4.8935314e-01 
  2077 :  9.2488527e-02  4.9750812e-01 
  2078 :  2.6229228e-02  8.4735496e-02 
  2079 :  3.0514326e-02  4.0602012e-02 
  2080 :  1.1051612e-01  6.0760018e-01 
  2081 :  2.7877076e-02  3.5361946e-01 
  2082 :  4.7118566e-02  1.0085631e-01 
  2083 :  7.5240861e-02  2.6021038e-01 
  2084 :  4.7354551e-02  3.7175020e-02 
  2085 :  1.4308470e-01  7.0574189e-01 
  2086 :  1.0398087e-01  5.9628724e-01 
  2087 :  1.3910054e-01  6.9682172e-01 
  2088 :  1.4247820e-01  6.9217722e-01 
  2089 :  2.6772301e-02  4.3893064e-02 
  2090 :  5.2051067e-02  1.2526327e-01 
  2091 :  1.9155627e-02  2.7710532e-02 
  2092 :  3.5105845e-02  3.6963881e-01 
  2093 :  1.4825352e-01  7.1476797e-01 
  2094 :  5.0859842e-02  9.7559727e-02 
  2095 :  8.6613390e-03  1.9652490e-02 
  2096 :  9.7192402e-02  4.9908612e-01 
  2097 :  1.2664809e-01  6.6984587e-01 
  2098 :  2.0024637e-02  1.1906611e-01 
  2099 :  1.5391633e-02  1.1753718e-01 
  2100 :  1.2416162e-01  5.6679541e-01 
  2101 :  1.6338044e-01  7.1955484e-01 
  2102 :  9.2775569e-02  5.8753599e-01 
  2103 :  9.5552862e-02  5.8023364e-01 
  2104 :  5.5583705e-02  9.9143668e-02 
  2105 :  6.9210983e-02  5.5015382e-02 
  2106 :  5.9363342e-02  9.5837505e-02 
  2107 :  2.5985215e-02  3.4393166e-01 
  2108 :  1.1172098e-01  5.4925884e-01 
  2109 :  4.2850045e-03  1.1734438e-01 
  2110 :  6.6845635e-03  1.8179584e-01 
  2111 :  1.1914511e-02  2.4634306e-01 
  2112 :  1.4853691e-02  2.7063350e-01 
  2113 :  1.7564475e-02  2.9511987e-01 
  2114 :  1.9386977e-02  3.0490877e-01 
  2115 :  2.9597959e-02  3.6340219e-01 
  2116 :  3.9845973e-02  4.1195504e-01 
  2117 :  4.4303066e-02  4.3127756e-01 
  2118 :  4.2048121e-02  4.2162372e-01 
  2119 :  4.6707807e-02  4.4089258e-01 
  2120 :  4.9129467e-02  4.5050370e-01 
  2121 :  5.1331232e-02  4.6020614e-01 
  2122 :  6.5078089e-02  1.0278878e-01 
  2123 :  1.0507617e-01  6.1967813e-01 
  2124 :  4.4631598e-03  1.0764714e-01 
  2125 :  2.6031495e-02  3.2093611e-01 
  2126 :  7.1719769e-03  1.8686191e-01 
  2127 :  2.1102107e-02  3.7412221e-02 
  2128 :  9.9325111e-02  5.3158316e-01 
  2129 :  1.2824375e-01  5.8613199e-01 
  2130 :  1.4411330e-02  2.2194339e-01 
  2131 :  4.8345842e-02  4.2041752e-02 
  2132 :  4.5679611e-02  4.1826834e-01 
  2133 :  6.5526086e-02  1.7056280e-01 
  2134 :  4.2270659e-03  5.7531734e-02 
  2135 :  1.3881523e-02  1.5233266e-01 
  2136 :  4.9342030e-02  4.6918559e-02 
  2137 :  1.0043641e-01  5.9921666e-01 
  2138 :  2.9840276e-02  3.4031413e-01 
  2139 :  1.5677267e-02  3.1051265e-02 
  2140 :  1.7417057e-02  8.6445461e-02 
  2141 :  1.3388952e-01  6.1001274e-01 
  2142 :  5.4061801e-02  4.8493838e-02 
  2143 :  5.8950662e-02  5.0109970e-02 
  2144 :  1.2749406e-01  6.0387981e-01 
  2145 :  6.0040771e-02  5.5080443e-02 
  2146 :  9.9117399e-02  5.0879117e-01 
  2147 :  1.0666192e-01  4.7936451e-01 
  2148 :  1.0664114e-01  5.0218662e-01 
  2149 :  6.7331595e-02  7.1256826e-02 
  2150 :  5.8389656e-02  4.8369373e-01 
  2151 :  8.2516693e-02  3.3969529e-01 
  2152 :  1.1666137e-01  5.7346078e-01 
  2153 :  1.2368123e-01  6.0727665e-01 
  2154 :  1.0006916e-01  5.1365155e-01 
  2155 :  1.0286278e-01  5.0549184e-01 
  2156 :  1.1071904e-02  2.0241316e-01 
  2157 :  1.4240781e-02  2.6578281e-01 
  2158 :  9.6338531e-02  5.1699492e-01 
  2159 :  1.6436191e-01  7.3736796e-01 
  2160 :  3.6747152e-02  3.9737671e-01 
  2161 :  2.4110265e-02  3.3422397e-01 
  2162 :  1.1570359e-01  5.6859812e-01 
  2163 :  9.7304774e-02  5.2186813e-01 
  2164 :  4.6743219e-02  4.2311471e-01 
  2165 :  9.8322041e-02  5.2671060e-01 
  2166 :  1.5080624e-01  6.7604080e-01 
  2167 :  7.2976833e-02  5.3152510e-01 
  2168 :  1.8253158e-01  7.8073394e-01 
  2169 :  1.7515492e-01  7.5773789e-01 
  2170 :  9.3171754e-02  3.9042425e-01 
  2171 :  8.0712664e-02  3.2416463e-01 
  2172 :  2.3302765e-02  3.2915812e-01 
  2173 :  4.7812116e-02  4.2794943e-01 
  2174 :  1.4022472e-02  1.4692730e-01 
  2175 :  7.0100250e-02  1.4997842e-01 
  2176 :  1.7138063e-02  4.2960157e-03 
  2177 :  3.0393782e-02  3.6830770e-01 
  2178 :  1.3490216e-01  6.8747450e-01 
  2179 :  7.3440682e-02  7.6481927e-03 
  2180 :  8.8632963e-03  4.2789708e-02 
  2181 :  6.6702253e-02  1.9298780e-01 
  2182 :  8.8739596e-02  5.7795542e-01 
  2183 :  8.0286952e-02  5.4290105e-01 
  2184 :  7.5213915e-03  3.9736139e-03 
  2185 :  1.2046271e-01  6.5639727e-01 
  2186 :  6.4364723e-02  4.8886749e-01 
  2187 :  8.7875769e-02  3.4619754e-01 
  2188 :  2.6976024e-02  3.2577814e-01 
  2189 :  1.4576880e-01  6.7371809e-01 
  2190 :  1.7628005e-02  2.5845475e-01 
  2191 :  7.5878592e-02  2.6499032e-01 
  2192 :  1.4401483e-01  6.9728463e-01 
  2193 :  7.6212881e-02  2.0218643e-01 
  2194 :  8.8893108e-03  2.1620669e-01 
  2195 :  7.6576536e-02  2.0715221e-01 
  2196 :  6.9601395e-02  4.0404038e-02 
  2197 :  4.8890686e-02  4.3275780e-01 
  2198 :  8.9362440e-02  3.9697517e-01 
  2199 :  2.6745755e-02  4.0767150e-03 
  2200 :  6.9726947e-02  1.2546389e-01 
  2201 :  1.0615306e-02  1.7900336e-01 
  2202 :  7.3132938e-02  2.2929928e-01 
  2203 :  7.3763037e-02  8.2767071e-02 
  2204 :  4.4840759e-03  1.2705377e-01 
  2205 :  1.2913565e-02  6.1729945e-02 
  2206 :  9.4583565e-02  5.9269734e-01 
  2207 :  1.2831991e-02  1.0220171e-01 
  2208 :  2.1469288e-02  3.1950536e-01 
  2209 :  1.7878531e-02  2.3642653e-01 
  2210 :  7.4695349e-02  3.0160449e-01 
  2211 :  5.0561322e-03  1.5698647e-01 
  2212 :  1.6610135e-01  7.4195121e-01 
  2213 :  1.4924693e-01  7.1955291e-01 
  2214 :  7.4528413e-02  5.3646014e-01 
  2215 :  5.0008455e-02  4.3760589e-01 
  2216 :  1.2829339e-01  6.7454117e-01 
  2217 :  8.1728817e-03  1.4922991e-02 
  2218 :  1.0821038e-01  6.1585614e-01 
  2219 :  6.8250000e-02  8.0405297e-03 
  2220 :  1.4959549e-01  6.6701597e-01 
  2221 :  7.1124518e-02  1.7559109e-01 
  2222 :  8.9557117e-02  4.0174198e-01 
  2223 :  7.4650633e-02  1.7545320e-02 
  2224 :  8.8534561e-02  3.5105596e-01 
  2225 :  2.0670194e-02  3.1466337e-01 
  2226 :  1.2214476e-01  6.6100073e-01 
  2227 :  5.6062500e-02  3.7159877e-03 
  2228 :  6.0933760e-02  4.9330266e-01 
  2229 :  1.3032178e-02  2.5616307e-01 
  2230 :  1.2074609e-02  5.6791100e-02 
  2231 :  7.4010064e-02  1.6215262e-01 
  2232 :  5.1130653e-02  4.4243908e-01 
  2233 :  1.1632793e-01  6.3626242e-01 
  2234 :  6.8015940e-02  5.1673334e-01 
  2235 :  7.6546641e-02  2.6975126e-01 
  2236 :  1.8459035e-01  7.8534481e-01 
  2237 :  7.9281465e-02  2.5711981e-01 
  2238 :  7.9624205e-02  5.2005523e-01 
  2239 :  1.4287195e-01  6.6405349e-01 
  2240 :  1.9520448e-02  2.8688008e-01 
  2241 :  6.9944186e-02  1.1521442e-01 
  2242 :  8.4779159e-03  2.1077054e-01 
  2243 :  2.4302156e-02  3.1149650e-01 
  2244 :  8.3014133e-03  1.2429823e-01 
  2245 :  1.7241029e-01  7.6321766e-01 
  2246 :  7.0706596e-02  1.5463135e-01 
  2247 :  9.6101507e-02  4.0541449e-01 
  2248 :  4.1232594e-02  3.3660312e-03 
  2249 :  1.9279856e-01  8.0328956e-01 
  2250 :  8.2217933e-02  5.0715908e-01 
  2251 :  8.4911511e-02  3.5405374e-01 
  2252 :  7.9123469e-02  3.0404235e-01 
  2253 :  5.5025047e-03  1.6683662e-01 
  2254 :  5.2247796e-02  4.4726285e-01 
  2255 :  1.2481301e-02  9.7281208e-02 
  2256 :  1.0012487e-02  1.7431264e-01 
  2257 :  7.2778881e-02  2.1020266e-01 
  2258 :  6.9738064e-02  2.3629358e-01 
  2259 :  1.4565726e-01  7.0181315e-01 
  2260 :  2.3451924e-02  3.0661517e-01 
  2261 :  6.7318427e-02  4.9767426e-01 
  2262 :  9.1460774e-02  5.5526657e-01 
  2263 :  1.0946294e-01  6.2095578e-01 
  2264 :  7.9142897e-02  5.3810028e-01 
  2265 :  1.6270485e-02  2.4884541e-01 
  2266 :  1.4675076e-01  6.5749739e-01 
  2267 :  9.7628327e-03  7.7094818e-03 
  2268 :  1.3374659e-01  6.3878761e-01 
  2269 :  9.9323816e-02  5.9443323e-01 
  2270 :  9.1425096e-02  4.1147410e-01 
  2271 :  7.0203533e-02  4.5000162e-02 
  2272 :  9.0091868e-02  5.6989660e-01 
  2273 :  6.9972041e-02  8.5526940e-02 
  2274 :  5.3380286e-02  4.5208958e-01 
  2275 :  1.3957536e-01  6.8880775e-01 
  2276 :  7.4701179e-02  6.2657526e-02 
  2277 :  2.2582413e-02  3.0180807e-01 
  2278 :  1.6787004e-01  7.4641112e-01 
  2279 :  7.7197006e-02  2.7474333e-01 
  2280 :  8.5628349e-02  3.5903243e-01 
  2281 :  1.4550422e-01  6.5265902e-01 
  2282 :  7.2154080e-02  1.7987145e-01 
  2283 :  1.2665658e-01  6.6200524e-01 
  2284 :  1.1077469e-01  6.3440377e-01 
  2285 :  5.6221062e-02  4.6706180e-01 
  2286 :  1.4216224e-01  6.3851841e-01 
  2287 :  6.9714936e-02  1.0519738e-01 
  2288 :  7.5870078e-02  3.1135971e-01 
  2289 :  9.7676488e-02  4.1525564e-01 
  2290 :  1.1985183e-02  2.0726507e-01 
  2291 :  1.5498052e-02  2.4367729e-01 
  2292 :  5.4467505e-02  4.5692724e-01 
  2293 :  6.2805458e-02  5.0347706e-01 
  2294 :  9.3683778e-02  5.6643849e-01 
  2295 :  6.8740659e-02  5.9042586e-02 
  2296 :  1.2731853e-02  3.4013144e-02 
  2297 :  7.2996435e-02  2.1530652e-01 
  2298 :  7.1075348e-02  1.6599809e-01 
  2299 :  1.5609257e-01  7.2173623e-01 
  2300 :  2.4348270e-02  7.4627282e-03 
  2301 :  1.3506336e-01  6.7829834e-01 
  2302 :  5.7768726e-03  1.7212823e-01 
  2303 :  7.9611057e-02  5.1533691e-01 
  2304 :  2.1716977e-02  2.9687566e-01 
  2305 :  7.7288421e-02  5.4612994e-01 
  2306 :  3.3068087e-03  7.7369470e-02 
  2307 :  6.9458144e-02  2.2630603e-02 
  2308 :  7.9602846e-03  5.4979000e-02 
  2309 :  7.8048996e-03  1.1930532e-01 
  2310 :  7.4878717e-02  1.5649994e-01 
  2311 :  6.1272515e-02  1.3349591e-01 
  2312 :  1.8660935e-01  7.8986785e-01 
  2313 :  1.7605815e-02  1.4519548e-01 
  2314 :  6.9984790e-02  1.1015649e-01 
  2315 :  1.1407649e-01  6.4351400e-01 
  2316 :  8.6393652e-02  3.6396692e-01 
  2317 :  9.3299513e-02  4.2123514e-01 
  2318 :  1.3499325e-01  6.4792287e-01 
  2319 :  8.7125109e-02  5.7338392e-01 
  2320 :  6.9729538e-02  5.2270590e-01 
  2321 :  1.7923266e-01  7.6632155e-01 
  2322 :  5.5435380e-02  4.6194588e-01 
  2323 :  1.5416667e-02  2.3952032e-01 
  2324 :  1.4736091e-01  7.0653174e-01 
  2325 :  1.1050728e-01  6.2591709e-01 
  2326 :  7.7849330e-02  2.7968932e-01 
  2327 :  2.0696838e-02  2.9176714e-01 
  2328 :  9.7139822e-02  6.0203345e-01 
  2329 :  4.9367973e-02  7.6423505e-03 
  2330 :  5.5150612e-02  4.7563398e-01 
  2331 :  1.4660059e-01  6.8966877e-01 
  2332 :  1.6001341e-02  9.4461297e-02 
  2333 :  7.6011768e-02  3.1557295e-01 
  2334 :  7.4175567e-02  2.3844092e-01 
  2335 :  3.6728697e-03  3.6824580e-03 
  2336 :  6.4397167e-02  5.0782730e-01 
  2337 :  9.9338489e-02  4.2489141e-01 
  2338 :  1.4101415e-01  6.5074827e-01 
  2339 :  6.9765175e-02  5.0316296e-02 
  2340 :  6.8611168e-03  2.0130568e-01 
  2341 :  6.3375000e-02  7.1943874e-03 
  2342 :  1.3419073e-02  8.3626583e-02 
  2343 :  8.2994612e-02  5.6452521e-01 
  2344 :  8.7146391e-02  3.6896458e-01 
  2345 :  7.9581471e-02  2.4181477e-01 
  2346 :  7.4553980e-02  3.4756269e-03 
  2347 :  7.8854840e-02  5.5077775e-01 
  2348 :  5.3123764e-02  4.6936275e-01 
  2349 :  1.5651718e-02  2.8592451e-01 
  2350 :  6.7500126e-02  1.8534500e-01 
  2351 :  1.6954289e-01  7.5064338e-01 
  2352 :  3.6185272e-02  7.8687108e-03 
  2353 :  7.6899939e-03  1.0990612e-02 
  2354 :  1.3909651e-01  6.4215466e-01 
  2355 :  7.4772787e-03  5.0330749e-02 
  2356 :  6.9923744e-02  6.8268044e-02 
  2357 :  8.4232637e-03  1.5875096e-01 
  2358 :  9.5743164e-02  4.3156606e-01 
  2359 :  9.5616807e-03  2.3619092e-01 
  2360 :  1.4687744e-01  6.8255524e-01 
  2361 :  7.9292221e-03  3.8741256e-02 
  2362 :  1.4985042e-02  2.7935570e-01 
  2363 :  8.9292836e-02  5.6605221e-01 
  2364 :  9.2724650e-02  5.5942653e-01 
  2365 :  1.3224808e-01  6.3210335e-01 
  2366 :  6.6006493e-02  1.2880013e-01 
  2367 :  1.9075908e-01  7.9875472e-01 
  2368 :  8.8130747e-03  1.6481279e-01 
  2369 :  6.9696747e-02  2.1732836e-01 
  2370 :  7.8526593e-02  2.8462927e-01 
  2371 :  8.7993337e-02  3.7382604e-01 
  2372 :  6.6469699e-02  1.1713968e-01 
  2373 :  9.5980542e-02  4.3602420e-01 
  2374 :  7.2292598e-03  3.0008776e-02 
  2375 :  8.1974275e-02  3.1913632e-01 
  2376 :  7.0541319e-02  8.9476239e-02 
  2377 :  1.2811207e-01  6.6648553e-01 
  2378 :  2.7165903e-03  7.2500000e-02 
  2379 :  1.3998133e-01  6.2858342e-01 
  2380 :  1.8843459e-01  7.9411344e-01 
  2381 :  7.5069704e-02  2.7347190e-02 
  2382 :  6.6729396e-02  1.3749676e-01 
  2383 :  7.1271330e-03  1.1494101e-01 
  2384 :  7.5541181e-02  5.0476498e-01 
  2385 :  7.8957695e-02  2.9552470e-01 
  2386 :  1.5306569e-01  7.2859917e-01 
  2387 :  5.9993738e-03  1.9666548e-01 
  2388 :  1.5993388e-02  1.3882681e-01 
  2389 :  1.4917535e-01  7.1079477e-01 
  2390 :  1.1514011e-01  6.4782385e-01 
  2391 :  1.0197929e-01  4.3962450e-01 
  2392 :  1.0757246e-01  6.2832919e-01 
  2393 :  9.8175236e-02  6.0652229e-01 
  2394 :  8.8855222e-02  3.7838692e-01 
  2395 :  1.3149270e-01  6.8400025e-01 
  2396 :  1.3929598e-01  6.2400044e-01 
  2397 :  1.7645638e-01  7.7237462e-01 
  2398 :  8.2631876e-02  5.5137213e-01 
  2399 :  9.2723390e-02  5.7796512e-01 
  2400 :  6.7871564e-02  1.6729878e-01 
  2401 :  5.8572642e-02  4.7581371e-01 
  2402 :  7.0971584e-02  1.0227784e-02 
  2403 :  1.5517565e-02  9.0113395e-02 
  2404 :  1.8204265e-02  2.7760494e-01 
  2405 :  7.9326306e-02  2.8911537e-01 
  2406 :  9.7924065e-02  4.4550094e-01 
Number of edges 356 
     0 :      0      7 
     1 :      7      8 
     2 :      8      9 
     3 :      9     10 
     4 :     10     11 
     5 :     11     12 
     6 :     12     13 
     7 :     13     14 
     8 :     14     15 
     9 :     15     16 
    10 :     16     17 
    11 :     17     18 
    12 :     18     19 
    13 :     19     20 
    14 :     20     21 
    15 :     21      6 
    16 :      6     22 
    17 :     22     23 
    18 :     23     24 
    19 :     24     25 
    20 :     25     26 
    21 :     26     27 
    22 :     27     28 
    23 :     28     29 
    24 :     29     30 
    25 :     30     31 
    26 :     31     32 
    27 :     32     33 
    28 :     33     34 
    29 :     34     35 
    30 :     35     36 
    31 :     36     37 
    32 :     37     38 
    33 :     38     39 
    34 :     39     40 
    35 :     40      5 
    36 :      5     41 
    37 :     41     42 
    38 :     42     43 
    39 :     43     44 
    40 :     44     45 
    41 :     45     46 
    42 :     46     47 
    43 :     47     48 
    44 :     48     49 
    45 :     49     50 
    46 :     50     51 
    47 :     51     52 
    48 :     52     53 
    49 :     53     54 
    50 :     54     55 
    51 :     55     56 
    52 :     56     57 
    53 :     57     58 
    54 :     58     59 
    55 :     59     60 
    56 :     60     61 
    57 :     61     62 
    58 :     62     63 
    59 :     63     64 
    60 :     64     65 
    61 :     65     66 
    62 :     66     67 
    63 :     67     68 
    64 :     68     69 
    65 :     69     70 
    66 :     70     71 
    67 :     71     72 
    68 :     72     73 
    69 :     73     74 
    70 :     74     75 
    71 :     75     76 
    72 :     76     77 
    73 :     77     78 
    74 :     78     79 
    75 :     79     80 
    76 :     80     81 
    77 :     81     82 
    78 :     82     83 
    79 :     83     84 
    80 :     84     85 
    81 :     85     86 
    82 :     86     87 
    83 :     87     88 
    84 :     88     89 
    85 :     89     90 
    86 :     90     91 
    87 :     91     92 
    88 :     92     93 
    89 :     93     94 
    90 :     94     95 
    91 :     95     96 
    92 :     96     97 
    93 :     97     98 
    94 :     98     99 
    95 :     99    100 
    96 :    100    101 
    97 :    101    102 
    98 :    102    103 
    99 :    103    104 
   100 :    104    105 
   101 :    105    106 
   102 :    106    107 
   103 :    107    108 
   104 :    108    109 
   105 :    109    110 
   106 :    110    111 
   107 :    111    112 
   108 :    112    113 
   109 :    113    114 
   110 :    114    115 
   111 :    115    116 
   112 :    116    117 
   113 :    117    118 
   114 :    118    119 
   115 :    119    120 
   116 :    120    121 
   117 :    121    122 
   118 :    122    123 
   119 :    123    124 
   120 :    124    125 
   121 :    125      4 
   122 :      4      3 
   123 :      3    126 
   124 :    126    127 
   125 :    127    128 
   126 :    128    129 
   127 :    129    130 
   128 :    130    131 
   129 :    131    132 
   130 :    132    133 
   131 :    133    134 
   132 :    134    135 
   133 :    135    136 
   134 :    136    137 
   135 :    137    138 
   136 :    138    139 
   137 :    139    140 
   138 :    140    141 
   139 :    141    142 
   140 :    142    143 
   141 :    143    144 
   142 :    144    145 
   143 :    145    146 
   144 :    146    147 
   145 :    147    148 
   146 :    148    149 
   147 :    149    150 
   148 :    150    151 
   149 :    151    152 
   150 :    152    153 
   151 :    153    154 
   152 :    154    155 
   153 :    155    156 
   154 :    156    157 
   155 :    157    158 
   156 :    158    159 
   157 :    159    160 
   158 :    160    161 
   159 :    161    162 
   160 :    162    163 
   161 :    163    164 
   162 :    164    165 
   163 :    165    166 
   164 :    166    167 
   165 :    167    168 
   166 :    168    169 
   167 :    169    170 
   168 :    170    171 
   169 :    171    172 
   170 :    172    173 
   171 :    173    174 
   172 :    174    175 
   173 :    175    176 
   174 :    176    177 
   175 :    177    178 
   176 :    178    179 
   177 :    179    180 
   178 :    180    181 
   179 :    181    182 
   180 :    182    183 
   181 :    183    184 
   182 :    184    185 
   183 :    185      2 
   184 :      2    186 
   185 :    186    187 
   186 :    187    188 
   187 :    188    189 
   188 :    189    190 
   189 :    190    191 
   190 :    191    192 
   191 :    192    193 
   192 :    193    194 
   193 :    194    195 
   194 :    195    196 
   195 :    196    197 
   196 :    197    198 
   197 :    198    199 
   198 :    199    200 
   199 :    200    201 
   200 :    201    202 
   201 :    202    203 
   202 :    203    204 
   203 :    204    205 
   204 :    205    206 
   205 :    206    207 
   206 :    207    208 
   207 :    208    209 
   208 :    209    210 
   209 :    210    211 
   210 :    211    212 
   211 :    212    213 
   212 :    213    214 
   213 :    214    215 
   214 :    215    216 
   215 :    216    217 
   216 :    217    218 
   217 :    218    219 
   218 :    219    220 
   219 :    220    221 
   220 :    221    222 
   221 :    222    223 
   222 :    223    224 
   223 :    224    225 
   224 :    225    226 
   225 :    226    227 
   226 :    227    228 
   227 :    228    229 
   228 :    229    230 
   229 :    230    231 
   230 :    231    232 
   231 :    232    233 
   232 :    233    234 
   233 :    234    235 
   234 :    235    236 
   235 :    236    237 
   236 :    237    238 
   237 :    238    239 
   238 :    239    240 
   239 :    240    241 
   240 :    241    242 
   241 :    242    243 
   242 :    243    244 
   243 :    244    245 
   244 :    245    246 
   245 :    246    247 
   246 :    247    248 
   247 :    248    249 
   248 :    249    250 
   249 :    250    251 
   250 :    251    252 
   251 :    252    253 
   252 :    253    254 
   253 :    254    255 
   254 :    255    256 
   255 :    256    257 
   256 :    257    258 
   257 :    258    259 
   258 :    259    260 
   259 :    260    261 
   260 :    261    262 
   261 :    262    263 
   262 :    263    264 
   263 :    264    265 
   264 :    265    266 
   265 :    266    267 
   266 :    267    268 
   267 :    268    269 
   268 :    269    270 
   269 :    270    271 
   270 :    271    272 
   271 :    272    273 
   272 :    273    274 
   273 :    274    275 
   274 :    275    276 
   275 :    276    277 
   276 :    277    278 
   277 :    278    279 
   278 :    279    280 
   279 :    280    281 
   280 :    281    282 
   281 :    282    283 
   282 :    283    284 
   283 :    284    285 
   284 :    285    286 
   285 :    286    287 
   286 :    287    288 
   287 :    288    289 
   288 :    289    290 
   289 :    290    291 
   290 :    291    292 
   291 :    292    293 
   292 :    293    294 
   293 :    294    295 
   294 :    295    296 
   295 :    296    297 
   296 :    297    298 
   297 :    298    299 
   298 :    299    300 
   299 :    300    301 
   300 :    301    302 
   301 :    302    303 
   302 :    303    304 
   303 :    304    305 
   304 :    305    306 
   305 :    306    307 
   306 :    307    308 
   307 :    308    309 
   308 :    309    310 
   309 :    310    311 
   310 :    311    312 
   311 :    312    313 
   312 :    313    314 
   313 :    314    315 
   314 :    315    316 
   315 :    316    317 
   316 :    317    318 
   317 :    318    319 
   318 :    319    320 
   319 :    320    321 
   320 :    321    322 
   321 :    322    323 
   322 :    323    324 
   323 :    324    325 
   324 :    325    326 
   325 :    326    327 
   326 :    327    328 
   327 :    328    329 
   328 :    329    330 
   329 :    330    331 
   330 :    331    332 
   331 :    332    333 
   332 :    333    334 
   333 :    334    335 
   334 :    335    336 
   335 :    336      1 
   336 :      1    337 
   337 :    337    338 
   338 :    338    339 
   339 :    339    340 
   340 :    340    341 
   341 :    341    342 
   342 :    342    343 
   343 :    343    344 
   344 :    344    345 
   345 :    345    346 
   346 :    346    347 
   347 :    347    348 
   348 :    348    349 
   349 :    349    350 
   350 :    350    351 
   351 :    351    352 
   352 :    352    353 
   353 :    353    354 
   354 :    354    355 
   355 :    355      0 
Number of triangles 4456 
     0 :   1047   2171   1049
     1 :   1685   2180   1373
     2 :   1462   1492    358
     3 :   1398   1412    463
     4 :   1584   1890   1583
     5 :    454   2180   1685
     6 :   1638   1639    481
     7 :   1806   1807    414
     8 :   1822   1987   1526
     9 :    486   2044    491
    10 :   1624   2339   2105
    11 :   1513   2176    422
    12 :   1811   1962    416
    13 :   1384   1534    397
    14 :    243   1439    242
    15 :   1471   2150    409
    16 :    397   1842   1384
    17 :   1066   1953   1463
    18 :    396   1421   1418
    19 :   1171   1890   1584
    20 :   1341   2133   1553
    21 :   1553   2221   1341
    22 :   1473   2150   1471
    23 :    491   2169    486
    24 :    358   1491   1462
    25 :   1415   1425    371
    26 :   1426   1427    401
    27 :   1399   1444    379
    28 :   1409   1442    428
    29 :   1049   2171   1579
    30 :    379   1463   1399
    31 :   1808   1812    937
    32 :   1869   2181   1301
    33 :   1518   2227    458
    34 :    463   1604   1398
    35 :   1695   2124   1659
    36 :    493   2245   2169
    37 :    405   2112   1776
    38 :   1521   2287   2122
    39 :    412   1533     16
    40 :   2169   2245    486
    41 :     36   1488     35
    42 :    481   1640   1638
    43 :   1805   1806    414
    44 :   1397   2189   2166
    45 :   1334   2216   2097
    46 :   2166   2189    472
    47 :   2186   2228    471
    48 :   1801   2228   2186
    49 :   1408   1524    400
    50 :   1624   2105   1178
    51 :    400   1521   1408
    52 :    397   2170   1842
    53 :   1144   1562   1145
    54 :    428   1441   1409
    55 :   1526   1987    373
    56 :   1842   2170   1372
    57 :   1776   2112   1280
    58 :    330   1491    329
    59 :   2233   2284   1407
    60 :   2070   2216   1334
    61 :    429   2035   2034
    62 :   1161   2357   1506
    63 :   1505   2174   2135
    64 :    433   2284   2233
    65 :     70   1516    379
    66 :   1397   2166    439
    67 :   1369   2331   2088
    68 :    439   2360   1397
    69 :   1562   2200   1145
    70 :   1584   2202   1171
    71 :    424   2103   1411
    72 :   2088   2275   1369
    73 :   1411   2102    424
    74 :    434   2220   1416
    75 :   1519   2227   1518
    76 :   1490   2176   1513
    77 :   1416   2239    434
    78 :   1812   2250    937
    79 :   1171   2202   1170
    80 :   1431   2222    387
    81 :   1004   1483   1442
    82 :    387   2247   1431
    83 :   1049   1579   1051
    84 :   1442   1605   1004
    85 :   1341   2221   1340
    86 :   1051   1579   1172
    87 :   2234   2320    251
    88 :   1810   2320   2234
    89 :   2221   2282   1340
    90 :     41   1522      5
    91 :   1162   1623   1622
    92 :    401   1428   1426
    93 :   2135   2174   1098
    94 :    441   1435   1433
    95 :   2253   2302    323
    96 :   1619   2093   1617
    97 :   2231   2310     52
    98 :    460   2124   1695
    99 :   1541   2252   2210
   100 :    396   1489   1421
   101 :   1413   2302   2253
   102 :   2112   2157   1280
   103 :   1522   2287   1521
   104 :   1555   1874   1556
   105 :    471   2150   1473
   106 :   1393   2339   1624
   107 :   2210   2252   1213
   108 :    371   1514   1415
   109 :   1473   2186    471
   110 :    977   2350   1548
   111 :     28   1496     27
   112 :   1414   2223    426
   113 :   1410   2310   2231
   114 :    479   2213   1619
   115 :   1548   2181    977
   116 :    112   1489    111
   117 :   1410   2231   1363
   118 :   1619   2299    479
   119 :   1004   1484   1483
   120 :   1463   1953   1399
   121 :   1066   1463   1165
   122 :    426   2307   1414
   123 :     35   1488    455
   124 :   1280   2157   1778
   125 :   1619   2213   2093
   126 :   1506   2135   1161
   127 :   1414   1644    478
   128 :   2231   2298   1363
   129 :   1301   2181   1551
   130 :   1372   2170   1576
   131 :    419   1439    243
   132 :   1811   1963   1962
   133 :    425   2144   1600
   134 :     40   1524     39
   135 :    366   1496     28
   136 :   1439   2343    242
   137 :    387   2198   1576
   138 :   1576   2198   1372
   139 :    387   2222   2198
   140 :   1744   2327   2240
   141 :   1409   1605   1442
   142 :   1143   1695   1659
   143 :     16   1533     15
   144 :    374   2276   1443
   145 :   1343   2269   2206
   146 :   1443   2295    374
   147 :   1874   2382   1556
   148 :   1793   2357   1161
   149 :   1054   2171   1047
   150 :    369   2229   2190
   151 :    379   1516   1463
   152 :   1022   1662   1601
   153 :   1162   2374   1623
   154 :   1639   1641    481
   155 :   2240   2327    381
   156 :    478   2223   1414
   157 :   2034   2036    429
   158 :   1168   1948   1551
   159 :   1242   2092   1240
   160 :   2242   2290   1702
   161 :   1412   1432    463
   162 :    394   2261   1804
   163 :   2190   2229   1791
   164 :    329   1491    358
   165 :    195   1678    194
   166 :   1172   1579   1578
   167 :   1804   2293    394
   168 :   1165   2237   2083
   169 :    375   2248   1532
   170 :   1532   2352    375
   171 :    461   1491    330
   172 :   2206   2269    427
   173 :    328   1504    327
   174 :    359   1488     36
   175 :    404   2290   2242
   176 :    472   2189   1416
   177 :   1418   2406    396
   178 :    392   1452   1450
   179 :   2028   2103   2025
   180 :   1433   1489    441
   181 :   1416   2220    472
   182 :     41   1523   1522
   183 :    441   1502   1435
   184 :   1021   1963    554
   185 :    539   1484    541
   186 :    435   2054   2053
   187 :    204   1641    203
   188 :   1446   2270    442
   189 :   1599   1663    423
   190 :    442   2289   1446
   191 :   1492   2174   1505
   192 :   1427   2378    401
   193 :   1272   2177   2115
   194 :    114   1502    113
   195 :     71   1516     70
   196 :   1343   2102   1411
   197 :    416   2320   1811
   198 :    423   1663   1458
   199 :   1604   2130   1398
   200 :    195   2397   1678
   201 :    412   2329   1533
   202 :   1360   2008   1501
   203 :   1492   1505   1504
   204 :    364   2130   1604
   205 :   1485   2144    425
   206 :   2008   2352   1501
   207 :    392   1460   1452
   208 :   1430   2266   1429
   209 :   1741   2092   1242
   210 :   1430   2281   2266
   211 :   1778   2157    369
   212 :    977   2181   1869
   213 :   1541   2210   1035
   214 :      5   1522    400
   215 :   1172   1578   1577
   216 :    541   1484   1004
   217 :    441   1489    112
   218 :    111   1489    396
   219 :   1622   2095   1162
   220 :   1057   1874   1555
   221 :   2305   2347    245
   222 :   1658   2255   2207
   223 :   1703   2130    364
   224 :    456   2339   2271
   225 :   2053   2056    435
   226 :     39   1524    457
   227 :    400   1524     40
   228 :   1019   2056   1017
   229 :   1642   2101    483
   230 :    369   2190   1778
   231 :   2285   2322   1400
   232 :   1272   2115   1742
   233 :   1054   2333   1539
   234 :   1539   2375   1054
   235 :   1343   2206   2102
   236 :    422   2300   1513
   237 :   1035   2385   1541
   238 :   1804   2336   2293
   239 :   1551   1948   1301
   240 :   1417   2347   2305
   241 :   1135   1700   1514
   242 :   1742   2115    383
   243 :   1450   1502    392
   244 :    390   2322   2285
   245 :   1805   2336   1804
   246 :    137   2129    136
   247 :   1438   1439    419
   248 :   1425   2387    371
   249 :   1516   2237   1165
   250 :   2045   2325   2263
   251 :    364   2194   1703
   252 :   1457   1737    386
   253 :    117   2147    116
   254 :   1456   1742    383
   255 :    996   2382   1874
   256 :   2271   2339   1393
   257 :    437   2301   1424
   258 :    429   2393   2035
   259 :    277   2160    276
   260 :   1449   1739    467
   261 :   2092   2177   1272
   262 :   1168   1551   1503
   263 :    327   1504    462
   264 :    358   1504    328
   265 :   1662   1663   1601
   266 :   1601   2144   1022
   267 :   1600   2144   1601
   268 :   1170   2202   1546
   269 :   1424   2395    437
   270 :    312   1604    311
   271 :   1240   2092   1272
   272 :    281   1740    280
   273 :   1411   2103   2028
   274 :   2025   2103   2023
   275 :   1495   1496    366
   276 :    554   1963    556
   277 :   1962   1963   1021
   278 :    300   2362   1775
   279 :    203   1641    482
   280 :    481   1641    204
   281 :   1380   2374   1162
   282 :   1462   1493   1492
   283 :    392   1502    114
   284 :    113   1502    441
   285 :   1485   2153   2144
   286 :    279   1738    278
   287 :   1577   2151   1172
   288 :   1423   2317    395
   289 :   1961   2264   2214
   290 :   1806   1808   1807
   291 :   1962   2167    416
   292 :    394   2228   1801
   293 :    434   2239   1429
   294 :    467   1740   1449
   295 :    399   2297   2257
   296 :    395   2337   1423
   297 :   1620   2101   1642
   298 :    136   2129   1468
   299 :    116   2147   1460
   300 :    996   2311   1560
   301 :   1601   1663   1599
   302 :   1244   1741   1242
   303 :   2205   2230   2002
   304 :   1775   2349    300
   305 :   1822   2342   1987
   306 :   1484   2153   1485
   307 :    116   1460    115
   308 :   1703   2194   1702
   309 :    411   1480   1477
   310 :   1546   2258   1170
   311 :    375   2352   2008
   312 :   1429   2266    434
   313 :   1485   2141   1483
   314 :    276   2160   1735
   315 :     61   2195   2193
   316 :   1560   2382    996
   317 :   1801   2261    394
   318 :    425   2141   1485
   319 :   1678   2397    492
   320 :    461   1494   1461
   321 :   1442   1482    428
   322 :    276   1735    275
   323 :    383   2081   1456
   324 :   1465   1467    420
   325 :   1459   1743    466
   326 :   1627   2374   1380
   327 :   2263   2325    431
   328 :   1431   2247    442
   329 :   1492   1504    358
   330 :    115   1460    392
   331 :   1010   2365   1498
   332 :   1631   2318   1603
   333 :   1380   2296   1627
   334 :    386   1738   1457
   335 :   1458   2129    423
   336 :   1498   2268   1010
   337 :    359   1487   1486
   338 :    420   1468   1465
   339 :    275   1735    408
   340 :   1365   2056   1019
   341 :   1017   2056   2053
   342 :   1461   1491    461
   343 :   1638   1642    483
   344 :   1678   2168    194
   345 :    442   2270   1431
   346 :   1597   2100   1470
   347 :   1811   2320   1810
   348 :    134   1469    133
   349 :   2207   2255    999
   350 :   1449   1741   1244
   351 :   2214   2264    418
   352 :    539   2153   1484
   353 :   1135   1514   1207
   354 :   1514   1700   1415
   355 :    433   2233   2055
   356 :    136   1468    135
   357 :    345   2134    344
   358 :    389   2358   1575
   359 :   2194   2242   1702
   360 :    401   1475   1428
   361 :   1603   2338   1631
   362 :   1027   1494   1175
   363 :    408   1735   1734
   364 :   1368   2178   1424
   365 :    389   2373   2358
   366 :    466   2107   1459
   367 :    385   2151   1577
   368 :   1421   1489   1433
   369 :    408   1734   1500
   370 :    490   2321    492
   371 :    231   2037    230
   372 :   1743   2081    466
   373 :   1248   1739   1246
   374 :    411   1530   1480
   375 :   1484   1485   1483
   376 :    371   2126   1514
   377 :    344   1475    343
   378 :   1514   2126   1207
   379 :    423   2129    137
   380 :    850   2250   1812
   381 :    344   2134   1475
   382 :   2281   2338    432
   383 :    286   2081    285
   384 :    311   1604    463
   385 :    364   1604    312
   386 :    407   1740    281
   387 :    280   1740    467
   388 :   1470   2100   1469
   389 :   1452   1460   1454
   390 :    135   1468    420
   391 :   1461   1494   1027
   392 :    492   2397    490
   393 :   1640   1642   1638
   394 :    525   2162   2152
   395 :    467   1738    279
   396 :    278   1738    386
   397 :   2055   2315    433
   398 :   2172   2188   1321
   399 :   2107   2138   1459
   400 :    143   1482    142
   401 :    411   2147    117
   402 :    437   2216   2070
   403 :    420   1469    134
   404 :   1467   1469    420
   405 :    479   2299   1640
   406 :    380   2138   2107
   407 :   1572   2047    501
   408 :   2122   2287   1060
   409 :    343   1475    401
   410 :   1500   2116    408
   411 :   1441   2379   1497
   412 :   1428   1722   1426
   413 :   1571   2047   1572
   414 :    428   1482    143
   415 :   1435   1502   1450
   416 :   1486   1488    359
   417 :   1627   2296   1312
   418 :   2257   2297   1382
   419 :   1445   2330    261
   420 :    386   2160    277
   421 :   1961   2167   1962
   422 :   1441   2396   2379
   423 :   1456   2081   1743
   424 :   1490   2267    477
   425 :   1548   2350   1549
   426 :   2054   2315   2055
   427 :    406   2188   2172
   428 :    440   1511   1509
   429 :    490   2245    493
   430 :   2036   2080   1133
   431 :   2034   2080   2036
   432 :    367   1523     42
   433 :     42   1523     41
   434 :   1737   2160    386
   435 :   1055   2047   1571
   436 :   1571   1629   1055
   437 :   1754   2116   1500
   438 :    119   1530    118
   439 :    436   2095   1622
   440 :   1784   2138    380
   441 :    365   2359   1432
   442 :    448   2345   1444
   443 :   2179   2219    487
   444 :   1447   2343   1439
   445 :    429   2037    231
   446 :   1507   1519   1358
   447 :   1463   1516   1165
   448 :   1509   1530    440
   449 :    430   1498   1497
   450 :   1465   1468   1173
   451 :    421   2343   1447
   452 :   1207   2126   2110
   453 :   1469   2100    133
   454 :   1246   1739   1449
   455 :    440   1632   1511
   456 :   2272   2319    421
   457 :   1812   2384    850
   458 :   1438   1440   1439
   459 :   1430   2338   2281
   460 :   1611   2360    439
   461 :   1457   1739   1248
   462 :   1357   1508   1358
   463 :   1477   2147    411
   464 :   1358   1508   1507
   465 :   1503   1550    363
   466 :    466   2081    286
   467 :    285   2081    383
   468 :    360   2134    345
   469 :   1784   2161   1321
   470 :    380   2161   1784
   471 :   1539   2288   1538
   472 :   1476   2230   2205
   473 :   1659   2207   1143
   474 :   2193   2195   1364
   475 :    997   1722    952
   476 :   1379   1515   1501
   477 :   1340   2282   1549
   478 :   1368   2275   2178
   479 :    514   1643    516
   480 :   2037   2123    230
   481 :   1496   2381     27
   482 :   2088   2331   1609
   483 :   1501   1515   1215
   484 :   1621   2101   1620
   485 :   2258   2334   1366
   486 :   1480   1530   1509
   487 :   1808   1809   1807
   488 :   1215   1515   1214
   489 :   1806   1812   1808
   490 :    467   1739   1738
   491 :   1357   1686   1508
   492 :    396   2406   1574
   493 :   1503   1551   1550
   494 :    475   1618   1616
   495 :   2054   2390   2315
   496 :   1593   1643    514
   497 :   1555   2175   1057
   498 :   1560   2311   1585
   499 :    164   1621    163
   500 :    475   1621   1618
   501 :   2179   2402   2219
   502 :   1442   1483   1482
   503 :   1344   2267   1490
   504 :    440   1530    119
   505 :    118   1530    411
   506 :   1629   1673   1055
   507 :   1515   1697   1214
   508 :   2111   2265    464
   509 :    512   1593    514
   510 :    359   2203   1487
   511 :   1528   2127   1311
   512 :   1740   1741   1449
   513 :   1603   2318   1023
   514 :   1437   2373    389
   515 :   2161   2172   1321
   516 :    389   2391   1437
   517 :   1961   2214   2167
   518 :   2070   2301    437
   519 :    501   2128   1572
   520 :    400   1522   1521
   521 :   1587   1686   1357
   522 :   2036   2037    429
   523 :    468   2116   1754
   524 :   1214   1697   1529
   525 :   1475   1476   1428
   526 :    495   1673      4
   527 :   1616   1625    475
   528 :   1443   2276    455
   529 :    163   1621    475
   530 :   1591   1592    526
   531 :    493   2321    490
   532 :   1274   1674   1529
   533 :   1360   2199   2008
   534 :   1468   2129   1173
   535 :   1539   2333   2288
   536 :    516   1643    525
   537 :   1460   2147   1454
   538 :    952   1722    954
   539 :   1426   1722    997
   540 :   1483   2141   1482
   541 :   1592   1593    526
   542 :   1482   2141    142
   543 :    929   2127   1528
   544 :   2152   2162   1470
   545 :   1614   1625   1616
   546 :   1055   1673    495
   547 :    288   2107    287
   548 :   1529   1697   1274
   549 :    526   1593    512
   550 :    507   1595    510
   551 :   1063   2108   1682
   552 :   1446   2289    395
   553 :    556   2238   1914
   554 :    848   1531    959
   555 :   1694   2099   1696
   556 :   1467   1470   1469
   557 :   1505   2135   1506
   558 :   1359   1531   1513
   559 :   1618   1621   1620
   560 :    526   1595   1591
   561 :    261   2348   1445
   562 :   1549   2350   1340
   563 :   1504   1505    462
   564 :    417   2100   1597
   565 :    402   1660   1573
   566 :    417   1597   1596
   567 :   1640   2299   1642
   568 :   1193   1842   1195
   569 :    969   2145   1178
   570 :   1696   2099   1325
   571 :    833   1686   1587
   572 :    473   1625   1614
   573 :    510   1595    526
   574 :   1517   1527    963
   575 :    430   1499   1498
   576 :    337   1657      1
   577 :   1281   2089   1670
   578 :    959   1531   1359
   579 :   1440   1447   1439
   580 :    353   1525    436
   581 :   2111   2291   2265
   582 :    940   1531    848
   583 :    164   2101   1621
   584 :      3    495      4
   585 :      1   1657    356
   586 :   1754   2132    468
   587 :    473   1614   1612
   588 :   1213   2252   1538
   589 :   1556   1558   1557
   590 :   1791   2229    464
   591 :   1173   2129   1458
   592 :    395   2317   1446
   593 :   1670   2089    926
   594 :   1063   1679   1598
   595 :   1274   1706   1674
   596 :    507   1682   1595
   597 :   1356   1518   1361
   598 :   1565   1660   1563
   599 :    832   1636    851
   600 :   1529   1674    827
   601 :   1809   1810   1807
   602 :   2110   2201   1207
   603 :   1598   2108   1063
   604 :    942   2106   1520
   605 :   1527   1976    963
   606 :     86   1578    398
   607 :     83   1646    378
   608 :    455   2356   1443
   609 :    350   1623    391
   610 :   2241   2314    367
   611 :   1585   2016   1125
   612 :   1587   1636    833
   613 :   1654   1658   1657
   614 :   1596   1635    417
   615 :   1277   1718   1717
   616 :   1521   2122   1520
   617 :   1598   1679   1628
   618 :   1466   1821   1667
   619 :   1682   2108   1595
   620 :   1643   2162    525
   621 :   1470   2162   1597
   622 :   2148   2155   1512
   623 :   1061   1718   1277
   624 :   1578   1579    398
   625 :   1674   1706    764
   626 :    992   2016   1585
   627 :   1717   2029   1277
   628 :    380   2107    288
   629 :    287   2107    466
   630 :   1573   1660   1565
   631 :     47   1557    368
   632 :   1344   1490   1164
   633 :    489   1525    354
   634 :   1384   1842   1193
   635 :   1195   1842   1372
   636 :   1278   1718   1061
   637 :   1532   1533   1374
   638 :    355    489    354
   639 :    378   1646   1539
   640 :    821   1633   1313
   641 :   1582   1584   1583
   642 :   1547   1550   1548
   643 :   2083   2237    446
   644 :   1490   1513   1164
   645 :   1493   2388    944
   646 :    851   1636   1031
   647 :   1311   2127   1670
   648 :   2144   2153   1022
   649 :   1358   1519   1518
   650 :   1724   1884   1278
   651 :    833   1636    832
   652 :    963   2136   1517
   653 :   1596   1597   1594
   654 :   1356   1361   1355
   655 :   1354   1356   1355
   656 :   1592   1594   1593
   657 :    821   1634   1633
   658 :   1573   2155   2148
   659 :    972   1532   1374
   660 :   1358   1518   1356
   661 :   1634   1951   1715
   662 :    848    959    840
   663 :   1278   1884   1718
   664 :   1559   1661    368
   665 :   1563   1660    123
   666 :   1549   1647    449
   667 :    448   1546   1545
   668 :    377   1584   1582
   669 :    363   1550   1547
   670 :   1552   1553    450
   671 :   1554   1555    451
   672 :    397   1534     97
   673 :    444   1535     95
   674 :    384   1536     93
   675 :     81   1537    445
   676 :     79   1540    376
   677 :     77   1542    447
   678 :     75   1543    372
   679 :    372   1544     74
   680 :    448   1545     67
   681 :    377   1582     65
   682 :    363   1547     59
   683 :    449   1647     57
   684 :     54   1552    450
   685 :     49   1554    451
   686 :    452   1561     44
   687 :     48   1557     47
   688 :   1557   1558    368
   689 :    368   1661     46
   690 :   1795   1996   1794
   691 :    452   1562   1561
   692 :   1667   1821    522
   693 :   1357   1358   1356
   694 :   1688   1976   1527
   695 :   1586   2072   1686
   696 :   1007   1605   1409
   697 :   1612   1668    473
   698 :   1795   1797   1474
   699 :   1592   1596   1594
   700 :     24    478     23
   701 :   1062   2099   1694
   702 :    797   1586    833
   703 :   1359   1360   1215
   704 :   1657   1658    356
   705 :    753   1688    751
   706 :    821   1951   1634
   707 :   1520   2106   1132
   708 :    959   1215   1214
   709 :    391   1626    349
   710 :   1163   1164    940
   711 :   1590   1635   1596
   712 :   1474   1996   1795
   713 :    391   1627   1626
   714 :    751   1688    773
   715 :   1328   1631   1430
   716 :   1379   1532    972
   717 :    966    972    928
   718 :   1686   2072   1508
   719 :   1277   2098   1062
   720 :    828    840    827
   721 :     87   1578     86
   722 :     84   1646     83
   723 :    546   1605   1007
   724 :   1354   1587   1357
   725 :   1517   2142   1314
   726 :    453   1657    337
   727 :    338   1652    453
   728 :    959   1214    840
   729 :    959   1359   1215
   730 :   1178   2145   1624
   731 :   1354   1357   1356
   732 :    353    436    352
   733 :    966   1379    972
   734 :   2104   2106    942
   735 :   1608   1668   1612
   736 :   1505   1506    462
   737 :   1352   1354   1353
   738 :   1278   1895   1724
   739 :   1440   1448   1447
   740 :    531   1664    533
   741 :    853    928    839
   742 :   1025   1664    531
   743 :   1123   2090   1064
   744 :   2098   2099   1062
   745 :    853    966    928
   746 :   1352   1587   1354
   747 :    197    490    196
   748 :    436   1622    352
   749 :    972   1374    973
   750 :   1020   1631   1328
   751 :    762    763    761
   752 :   1031   1352   1351
   753 :    533   1664   1662
   754 :   1282   1860   1630
   755 :     26    426     25
   756 :    828    848    840
   757 :    764   1706    763
   758 :   1164   1531    940
   759 :    410   1673   1629
   760 :   1520   2122    942
   761 :   1588   1635   1590
   762 :   1125   2016   1123
   763 :    810    839    796
   764 :    756    757    755
   765 :     29   1666    366
   766 :   1632   2148   1511
   767 :   1662   1664   1663
   768 :   1567   1629   1571
   769 :   1163   1344   1164
   770 :   1709   1979   1708
   771 :      4   1673    125
   772 :   1622   1623    351
   773 :    199    486    198
   774 :    810    853    839
   775 :    351   1623    350
   776 :   1598   1628    415
   777 :   1652   1653    453
   778 :   1360   1501   1215
   779 :    776    810    796
   780 :    827   1674    785
   781 :   1641   2159    482
   782 :   1586   1686    833
   783 :   1286   2094   1633
   784 :   1721   1832   1124
   785 :    354   1525    353
   786 :    402   2148   1632
   787 :   2002   2010   1630
   788 :   1577   1578     87
   789 :   1580   1646     84
   790 :    338    453    337
   791 :    776   1706    810
   792 :   1286   2106   2104
   793 :    535   1662   1022
   794 :    762    764    763
   795 :   2154   2158    846
   796 :    770   1979   1709
   797 :    201    484    200
   798 :   1354   1355   1353
   799 :   1724   1895    792
   800 :   1663   1664   1458
   801 :    763    776    765
   802 :    757    759    758
   803 :    760    761    759
   804 :   1328   1429   1329
   805 :   1809   1811   1810
   806 :   1336   1397   1338
   807 :    759   1645    927
   808 :   1352   1353   1351
   809 :   1569   2163   2158
   810 :    350    391    349
   811 :    203    482    202
   812 :    785   1674    764
   813 :   1654   1657    453
   814 :   1126   2010   2002
   815 :   1331   1416   1333
   816 :    757   1648    760
   817 :   1409   1441   1058
   818 :   1679   1816   1628
   819 :      5    400     40
   820 :   2142   2143   1314
   821 :    840   1529    827
   822 :   1704   2078   1698
   823 :    205    481    204
   824 :   1007   1058   1008
   825 :   1020   1328   1327
   826 :   1715   1835   1634
   827 :    348   1626    454
   828 :   1018   1631   1020
   829 :    776    796    777
   830 :    844   2076   1649
   831 :   1328   1430   1429
   832 :    826    827    785
   833 :   1653   1654    453
   834 :   1275   1687   1527
   835 :   1012   1023   1016
   836 :    207    479    206
   837 :   1311   1670    949
   838 :   1512   2096   1510
   839 :    861   1687   1275
   840 :   1650   1998    845
   841 :    122   1660    402
   842 :   1063   1682    502
   843 :   1567   1571   1570
   844 :    451   1557     48
   845 :    754    755    753
   846 :   1794   1996    845
   847 :    402   1632    121
   848 :    120   1632    440
   849 :   1029   1173   1025
   850 :   1698   2078   1129
   851 :    972    973    928
   852 :     63   1581    399
   853 :    949   1670    926
   854 :    530   1025    531
   855 :    407   1741   1740
   856 :   1571   1572   1570
   857 :    124   1563    123
   858 :    757    760    759
   859 :    110   1574    109
   860 :    107   1575    106
   861 :    100   1576     99
   862 :     97   1534     96
   863 :     95   1535     94
   864 :     93   1536     92
   865 :     88   1577     87
   866 :     85   1580     84
   867 :     82   1537     81
   868 :     80   1540     79
   869 :     78   1542     77
   870 :     76   1543     75
   871 :     74   1544     73
   872 :     67   1545     66
   873 :     65   1582     64
   874 :     57   1647     56
   875 :     59   1547     58
   876 :     55   1552     54
   877 :     50   1554     49
   878 :     44   1561     43
   879 :    756   1648    757
   880 :    546   1007   1006
   881 :    971   1832   1721
   882 :    541   1004    544
   883 :    810   1706   1274
   884 :   1312   1528   1311
   885 :    454   1685    347
   886 :     46   1661     45
   887 :   1404   1993   1789
   888 :   1997   1998   1650
   889 :    754    756    755
   890 :   1007   1409   1058
   891 :    773   1688   1687
   892 :    535   1022    537
   893 :    210    480    209
   894 :    837   1995   1789
   895 :   1031   1636   1352
   896 :    533   1662    535
   897 :    842   2073   1733
   898 :    837   1997   1995
   899 :    763    765    761
   900 :   1658   1659    356
   901 :    510    526    512
   902 :    524    530    529
   903 :   1606   1611    439
   904 :   1649   2077    844
   905 :    757    758    755
   906 :   1328   1329   1327
   907 :   1691   1839    877
   908 :   1649   2076   1481
   909 :     29    366     28
   910 :   2075   2076    844
   911 :   1630   1860    856
   912 :    212    476    211
   913 :   1319   1986   1759
   914 :   1458   1664   1025
   915 :   1441   1497   1058
   916 :    516    525    520
   917 :   1677   1691   1284
   918 :    760    762    761
   919 :   1991   1993   1404
   920 :   1715   1951    767
   921 :   1733   2073   1453
   922 :   1479   2074   1733
   923 :    838   1990   1759
   924 :    544   1605    546
   925 :   1677   1839   1691
   926 :   1146   1311    949
   927 :    214    474    213
   928 :    797    833    832
   929 :    877   1692   1691
   930 :   1124   1832   1144
   931 :    838   1991   1990
   932 :    530   1029   1025
   933 :    499   1679   1063
   934 :   1029   1465   1173
   935 :   1564   1629   1567
   936 :   1479   2075   2074
   937 :   1669   1981    835
   938 :    530   1821   1029
   939 :    520   1667    522
   940 :   1007   1008   1006
   941 :    843   2069   1671
   942 :   1714   1715    767
   943 :    456   1666     30
   944 :   1671   2069   1436
   945 :   1564   1567   1566
   946 :   1555   1556    451
   947 :   1984   1986   1319
   948 :   1004   1605    544
   949 :   1173   1458   1025
   950 :    861   1275    864
   951 :   1275   1517   1314
   952 :    373   1652    339
   953 :    339   1652    338
   954 :   1029   1821   1466
   955 :    349   1626    348
   956 :   1672   1975    829
   957 :   1675   2064   1422
   958 :    220    438    219
   959 :    217    437    216
   960 :   1567   1570   1569
   961 :    845   1996   1650
   962 :   2071   2073    842
   963 :    841   2064   1675
   964 :    530    531    529
   965 :   1745   2058   1389
   966 :   1558   1559    368
   967 :   1978   1981   1669
   968 :    525   1667    520
   969 :   1624   2145   2143
   970 :    223    435    222
   971 :   1676   1972    823
   972 :    837   1998   1997
   973 :    763   1706    776
   974 :   1275   1314    864
   975 :     31   1693    456
   976 :    971   1721    884
   977 :   1060   1385    971
   978 :    924   1648    756
   979 :    348    454    347
   980 :    836   2058   1745
   981 :   1712   1950   1285
   982 :   1749   2050   1348
   983 :   2067   2069    843
   984 :    226    433    225
   985 :    730   1710    727
   986 :   1974   1975   1672
   987 :   1652   1987   1653
   988 :    459   1668   1608
   989 :   1738   1739   1457
   990 :   1789   1995   1404
   991 :   1287   1964   1756
   992 :   1420   2060   1745
   993 :    229    431    228
   994 :    824   2050   1749
   995 :   1680   2046   1211
   996 :    922   1000    999
   997 :    502   1682    504
   998 :   1073   1835   1715
   999 :   2063   2064    841
  1000 :    149   1602    148
  1001 :    678   1736    803
  1002 :    838   1993   1991
  1003 :   1704   1936    787
  1004 :   1970   1972   1676
  1005 :    809   1967   1756
  1006 :    844   2077    567
  1007 :    232    429    231
  1008 :    826    828    827
  1009 :   1630   2010   1282
  1010 :   1683   2039   1202
  1011 :   1420   2063   2060
  1012 :    877   1736   1692
  1013 :   1567   1569   1566
  1014 :    830   2046   1680
  1015 :   1694   1695   1143
  1016 :    919    922    921
  1017 :   1392   2052   1749
  1018 :    235    427    234
  1019 :    809   1970   1967
  1020 :   1681   1955    799
  1021 :    922    999    921
  1022 :   2057   2058    836
  1023 :   1759   1990   1319
  1024 :    745   1716    743
  1025 :    522   1821    524
  1026 :   1755   2030   1196
  1027 :    352   1622    351
  1028 :    758   1976    755
  1029 :    822   2039   1683
  1030 :    238    424    237
  1031 :    835   1986   1984
  1032 :   1392   2057   2052
  1033 :     30   1666     29
  1034 :   1729   1936   1704
  1035 :   1959   1964   1287
  1036 :    241    421    240
  1037 :    802   2030   1755
  1038 :    839   1586    796
  1039 :   2049   2050    824
  1040 :   1684   1949    811
  1041 :    835   1984   1669
  1042 :   1757   2020   1190
  1043 :   1594   1643   1593
  1044 :   1653   1987   1656
  1045 :    244    419    243
  1046 :   1687   1688   1527
  1047 :    829   1981   1978
  1048 :   1146   1312   1311
  1049 :   1002   1694   1143
  1050 :    410   1629   1564
  1051 :    941    971    884
  1052 :   2042   2046    830
  1053 :    247    418    246
  1054 :    727   1710    725
  1055 :    805   2020   1757
  1056 :   1078   1131   1077
  1057 :     31    456     30
  1058 :   1860   2000   1705
  1059 :   1952   1955   1681
  1060 :   1708   1979   1710
  1061 :   1308   2031   1755
  1062 :    829   1978   1672
  1063 :   1131   1286   1279
  1064 :    823   1975   1974
  1065 :   2038   2039    822
  1066 :   1689   2003   1763
  1067 :    861    864    863
  1068 :   1761   2011   1184
  1069 :   1288   1942   1758
  1070 :    795   2011   1761
  1071 :    963   1976    758
  1072 :   1308   2038   2031
  1073 :   1307   2026   1757
  1074 :    823   1974   1676
  1075 :   1766   1992   1767
  1076 :    783   2003   1689
  1077 :   1374   1507    973
  1078 :   1947   1949   1684
  1079 :    809   1972   1970
  1080 :   2027   2030    802
  1081 :    413   1816    497
  1082 :    650   1950   1712
  1083 :    834   1980    798
  1084 :   1694   1696   1695
  1085 :    807   1945   1758
  1086 :    858   1687    861
  1087 :   1135   1713   1700
  1088 :   1149   1703   1701
  1089 :   1770   1977   1771
  1090 :   1306   2015   1761
  1091 :   1307   2027   2026
  1092 :    125   1673    410
  1093 :   1701   1711   1149
  1094 :   1002   1143   1000
  1095 :   1614   1616   1615
  1096 :   1714   1956   1071
  1097 :   2019   2020    805
  1098 :    779   1992   1766
  1099 :   1690   1931    800
  1100 :    807   1947   1945
  1101 :   1789   1993    582
  1102 :   1756   1967   1287
  1103 :   1466   1467   1465
  1104 :    845   1998    576
  1105 :    792    919    918
  1106 :    752    753    751
  1107 :    793    924    756
  1108 :    347   1685    346
  1109 :    346   1685    360
  1110 :   1408   1520   1132
  1111 :   1279   1835   1077
  1112 :    799   1964   1959
  1113 :   1302   2004   1689
  1114 :   1001   1002   1000
  1115 :   1131   1279   1077
  1116 :    504   1682    507
  1117 :   1306   2019   2015
  1118 :   1759   1986    588
  1119 :    858    861    860
  1120 :   2007   2011    795
  1121 :   1083   1711   1707
  1122 :   1618   1620   1619
  1123 :    792   1895    919
  1124 :    854   1705    748
  1125 :    497   1679    499
  1126 :    803   1736    877
  1127 :    743   1716    767
  1128 :    507    510    509
  1129 :    518   1910    508
  1130 :   1938   1942   1288
  1131 :   1069   1698   1070
  1132 :    799   1959   1681
  1133 :   1612   1614   1613
  1134 :    499   1063    502
  1135 :   1699   1922    812
  1136 :    676   1736    678
  1137 :    775   1977   1770
  1138 :    734   1724    792
  1139 :   1653   1655   1654
  1140 :    835   1981    592
  1141 :   1302   2007   2004
  1142 :   1275   1527   1517
  1143 :    510    512    511
  1144 :   1076   1077   1074
  1145 :    811   1955   1952
  1146 :   1513   1531   1164
  1147 :   1588   1589    415
  1148 :   1286   1633   1279
  1149 :    925    926    924
  1150 :   1408   1521   1520
  1151 :    852    940    848
  1152 :   1062   1694   1002
  1153 :    497   1816   1679
  1154 :   1616   1618   1617
  1155 :   1634   1835   1279
  1156 :    829   1975    596
  1157 :   1765   1999   1766
  1158 :    922   1001   1000
  1159 :    811   1952   1684
  1160 :   1282   2000   1860
  1161 :   1707   1727   1083
  1162 :    732   1884   1724
  1163 :    922   1895   1001
  1164 :    752    754    753
  1165 :    823   1972    600
  1166 :   1783   1917   1290
  1167 :    807   1949   1947
  1168 :    878   1710    730
  1169 :   1929   1931   1690
  1170 :    879    880    878
  1171 :   2001   2003    783
  1172 :     39    457     38
  1173 :   1783   1926    789
  1174 :   1078   1132   1131
  1175 :    735   1899    733
  1176 :   1756   1964    606
  1177 :   1061   1062   1002
  1178 :   1765   2001   1999
  1179 :   1076   1078   1077
  1180 :    759    927    758
  1181 :   1385   1832    971
  1182 :    881    882    880
  1183 :   1291   1905   1760
  1184 :    512    514    513
  1185 :   1752   1958   1751
  1186 :    856   1860    854
  1187 :   1073   1715   1714
  1188 :    855   1729    953
  1189 :    167   1637    166
  1190 :    954   1630    856
  1191 :     32   1693     31
  1192 :    374   1693     32
  1193 :    514    516    515
  1194 :   1069   1070    998
  1195 :   1758   1945   1288
  1196 :    516    520    519
  1197 :    879    881    880
  1198 :    966   1515   1379
  1199 :    799   1955    610
  1200 :   1926   1930    789
  1201 :   1769   1982   1770
  1202 :   1008   1010   1009
  1203 :    531    533    532
  1204 :   1915   1922   1699
  1205 :    745   1919   1716
  1206 :    800   1942   1938
  1207 :   1824   1891   1732
  1208 :    520    522    521
  1209 :   1001   1895   1278
  1210 :   1289   1823   1785
  1211 :    819   1958   1752
  1212 :    944   1732   1719
  1213 :    808   1912   1760
  1214 :   1333   1336   1335
  1215 :    882   1123   1064
  1216 :   1329   1331   1330
  1217 :    749    751    750
  1218 :    811   1949    614
  1219 :   1100   1713   1135
  1220 :    941   1060    971
  1221 :   1556   1557    451
  1222 :   1100   1720   1713
  1223 :   1780   1939   1781
  1224 :   1336   1338   1337
  1225 :   1720   1823   1289
  1226 :    820   1729    855
  1227 :    524    529    528
  1228 :   1713   1720    870
  1229 :   1124   1125   1123
  1230 :    522    524    523
  1231 :   1001   1061   1002
  1232 :    769    878    730
  1233 :   1707   1711   1080
  1234 :    800   1938   1690
  1235 :   1758   1942    620
  1236 :    882   1064    880
  1237 :    533    535    534
  1238 :    780   1939   1780
  1239 :   1080   1711   1701
  1240 :    541    544    543
  1241 :    666   1957   1917
  1242 :   1716   1956   1714
  1243 :    535    537    536
  1244 :    539    541    540
  1245 :   1331   1333   1332
  1246 :    537    539    538
  1247 :    870   1720   1289
  1248 :    782   1727   1725
  1249 :    812   1931   1929
  1250 :   1010   1012   1011
  1251 :   1012   1016   1015
  1252 :   1769   1985   1982
  1253 :    808   1915   1912
  1254 :   1016   1018   1017
  1255 :    749    752    751
  1256 :    544    546    545
  1257 :   1149   1711    947
  1258 :    546   1006   1005
  1259 :   1018   1020   1019
  1260 :    876   1728    874
  1261 :   1985   1992    779
  1262 :   1782   1896   1293
  1263 :    854   1860   1705
  1264 :    947   1711   1083
  1265 :   1692   1944   1930
  1266 :   1144   1145   1125
  1267 :    753   1976   1688
  1268 :   1292   1889   1762
  1269 :    801   1906   1773
  1270 :   1020   1327   1326
  1271 :   1713   1830   1700
  1272 :   1338   1369   1368
  1273 :   1124   1144   1125
  1274 :   1753   1966   1752
  1275 :   1564   1566   1565
  1276 :   1747   1920   1746
  1277 :    870   1830   1713
  1278 :   1782   1904    801
  1279 :   1061   1277   1062
  1280 :   1788   1903   1787
  1281 :    812   1929   1699
  1282 :    169   1651    168
  1283 :    800   1931    624
  1284 :    504    507    506
  1285 :    969   1178   1177
  1286 :    773   1687    858
  1287 :    724    790    726
  1288 :   1479   2076   2075
  1289 :   1073   1714   1071
  1290 :    808   1922   1915
  1291 :   1732   1891   1719
  1292 :   1072   1073   1071
  1293 :   1906   1909   1773
  1294 :   1600   1601   1599
  1295 :   1902   1905   1291
  1296 :   1864   2151    385
  1297 :    812   1922    628
  1298 :   1290   1926   1783
  1299 :    784    785    764
  1300 :    796   1586    797
  1301 :    767   1716   1714
  1302 :    804   1898   1762
  1303 :    882   1124   1123
  1304 :    948    949    926
  1305 :   1753   1971   1966
  1306 :   1590   1596   1592
  1307 :   1558   1560   1559
  1308 :    794   1878   1723
  1309 :   1725   1727   1707
  1310 :    818   1920   1747
  1311 :   1760   1905    634
  1312 :    769    879    878
  1313 :   1487   1928   1204
  1314 :   1904   1906    801
  1315 :   1064   1709   1708
  1316 :    919    921    920
  1317 :   1145   1585   1125
  1318 :   1285   1950   1780
  1319 :    553   1128    551
  1320 :    738   1899    735
  1321 :   1954   1958    819
  1322 :    788   1847   1730
  1323 :    670   1917   1783
  1324 :   1566   1568   1565
  1325 :   1099   1720   1100
  1326 :   1760   1912   1291
  1327 :   1726   1843    806
  1328 :   1725   1873    782
  1329 :    804   1902   1898
  1330 :   1564   1565   1563
  1331 :    410   1564   1563
  1332 :   1083   1728    876
  1333 :    978   1395   1394
  1334 :    861    863    860
  1335 :    821   1313    738
  1336 :   1971   1977    775
  1337 :   1802   1875    850
  1338 :    804   1905   1902
  1339 :    953   1069    998
  1340 :    524   1821    530
  1341 :    772   1903   1788
  1342 :   1728   1845    874
  1343 :    566   1875    568
  1344 :   2016   2090   1123
  1345 :   1099   1823   1720
  1346 :   1762   1889    640
  1347 :   1731   1846    786
  1348 :    660   1896   1782
  1349 :    982   1781   1121
  1350 :   1608   1612   1610
  1351 :    786   1823   1731
  1352 :   1818   1897   1817
  1353 :   1845   1892    684
  1354 :   1026   1461   1027
  1355 :   1042   1772   1068
  1356 :   1048   1768   1067
  1357 :    551   1910    518
  1358 :    882   1721   1124
  1359 :    712   1847    788
  1360 :   1293   1896   1894
  1361 :    199   2044    486
  1362 :    953   1729   1069
  1363 :   1785   1823    786
  1364 :    732   1724    734
  1365 :    916   1732    944
  1366 :    995   1781    982
  1367 :   1930   1944    789
  1368 :    943   1026    945
  1369 :   1768   1769   1067
  1370 :   1072   1074   1073
  1371 :    656   1878    794
  1372 :    880   1708    878
  1373 :    734    792    736
  1374 :   1462   1491   1461
  1375 :    936   1792   1161
  1376 :    748    749    747
  1377 :   1068   1772   1753
  1378 :   1107   1776   1280
  1379 :   1510   1649   1481
  1380 :   1293   1904   1782
  1381 :    782   1873    688
  1382 :   1792   1793   1161
  1383 :    129   1588    415
  1384 :   1511   1512   1510
  1385 :   1877   1889   1292
  1386 :   1026   1462   1461
  1387 :    774   1897   1818
  1388 :   1767   1768   1050
  1389 :   1785   1834   1289
  1390 :    806   1843    644
  1391 :   1734   1735   1273
  1392 :    761   1645    759
  1393 :   1077   1835   1074
  1394 :   1762   1898   1292
  1395 :    786   1846    702
  1396 :    881   1721    882
  1397 :   1074   1835   1073
  1398 :    919   1895    922
  1399 :   1052   1767   1050
  1400 :    916    944    943
  1401 :   1764   1765   1142
  1402 :    171   1665    170
  1403 :   1026   1027    945
  1404 :    913   1826    910
  1405 :   1728   1892   1845
  1406 :    788   1891   1824
  1407 :   1894   1896    794
  1408 :   1371   1793   1792
  1409 :   1254   1734   1273
  1410 :   1796   1813   1799
  1411 :   1250   1737   1457
  1412 :   1803   1806   1805
  1413 :   1050   1768   1048
  1414 :   1236   1742   1456
  1415 :    814   1732    916
  1416 :   1232   1743   1459
  1417 :   1478   1479   1455
  1418 :   1137   1764   1142
  1419 :    814   1824   1732
  1420 :    123   1660    122
  1421 :   1096   1744   1169
  1422 :   1091   1748   1339
  1423 :   1044   1772   1042
  1424 :    806   1889   1877
  1425 :   1771   1772   1044
  1426 :    748   1705    749
  1427 :    958   1746   1119
  1428 :    749    750    747
  1429 :   1727   1728   1083
  1430 :   1733   2074    842
  1431 :   1323   1750    980
  1432 :   1689   1763   1181
  1433 :   1933   1939    780
  1434 :   1038   1751   1122
  1435 :    910   1826   1295
  1436 :   1285   1779   1037
  1437 :    953    998    997
  1438 :    782   1892   1727
  1439 :   1840   1882    766
  1440 :   1046   1771   1044
  1441 :   1509   1510   1481
  1442 :   1285   1780   1779
  1443 :    716   1824    814
  1444 :   1455   1733   1453
  1445 :    934   1792    936
  1446 :    849   1795   1794
  1447 :   1154   1791   1790
  1448 :   1731   1823   1099
  1449 :    850   1875    566
  1450 :    956   1786   1203
  1451 :    849   1794    572
  1452 :   1258   1754   1500
  1453 :    901   1825    904
  1454 :    791   1814    871
  1455 :   1815   1837    815
  1456 :   1181   1763   1141
  1457 :    751    773    750
  1458 :    130   1635   1588
  1459 :    698   1834   1785
  1460 :   1086   1815    648
  1461 :   1451   1671   1436
  1462 :   1226   1784   1321
  1463 :   1723   1878   1856
  1464 :   1769   1770   1067
  1465 :   1105   1776   1107
  1466 :   1828   1882   1840
  1467 :    662   1782    801
  1468 :   1843   1862    831
  1469 :    849   1813   1796
  1470 :    672   1783    789
  1471 :   1037   1779   1034
  1472 :    700   1785    786
  1473 :   1723   1894    794
  1474 :    884   1721    881
  1475 :    648   1815    649
  1476 :   1154   1790   1155
  1477 :    692   1814    791
  1478 :   1480   1481   1478
  1479 :    820    854    748
  1480 :    121   1632    120
  1481 :   1434   1675   1422
  1482 :   1779   1781    995
  1483 :   1419   1420   1391
  1484 :   1765   1766   1142
  1485 :    778   1825    901
  1486 :   1110   1817   1109
  1487 :   1774   1776   1105
  1488 :    572   1794    574
  1489 :   1479   1733   1455
  1490 :   1846   1859    813
  1491 :   1387   1392   1350
  1492 :   1391   1745   1389
  1493 :    862   1071    859
  1494 :   1089   1748   1091
  1495 :   1182   1302   1181
  1496 :   1122   1712   1285
  1497 :   1068   1752   1751
  1498 :   1346   1680   1211
  1499 :   1350   1749   1348
  1500 :   1121   1747   1746
  1501 :   1087   1089   1088
  1502 :    831   1087   1086
  1503 :   1477   1478   1455
  1504 :   1119   1788   1787
  1505 :    594    829    596
  1506 :   1799   1802   1800
  1507 :   1169   1775   1774
  1508 :   1727   1892   1728
  1509 :   1209   1683   1202
  1510 :    378   1538   1537
  1511 :    598    823    600
  1512 :   1260   1754   1258
  1513 :    590    835    592
  1514 :    849   1796   1795
  1515 :    602    809    604
  1516 :    445   1541   1540
  1517 :    875    946    876
  1518 :   1258   1500   1256
  1519 :   1090   1212   1089
  1520 :   1200   1308   1198
  1521 :   1038   1122   1037
  1522 :    608    799    610
  1523 :    803    875    874
  1524 :    946   1147    947
  1525 :   1405   1445   1402
  1526 :    612    811    614
  1527 :   1059   1425   1415
  1528 :   1254   1273   1252
  1529 :    584    838    586
  1530 :    979   1059   1003
  1531 :   1856   1878    815
  1532 :    791    869    868
  1533 :    866    934    867
  1534 :    813    866    865
  1535 :   1203   1413   1371
  1536 :   1194   1307   1192
  1537 :   1250   1457   1248
  1538 :    616    807    618
  1539 :    931   1826    913
  1540 :   1198   1755   1196
  1541 :   1246   1449   1244
  1542 :    707   1820    710
  1543 :   1582   1583   1581
  1544 :    622    800    624
  1545 :   1192   1757   1190
  1546 :    604   1756    606
  1547 :   1188   1306   1186
  1548 :    626    812    628
  1549 :    574   1794    845
  1550 :    618   1758    620
  1551 :    630    808    632
  1552 :   1256   1734   1254
  1553 :   1547   1548    449
  1554 :    664   1773    666
  1555 :   1240   1272   1238
  1556 :    632   1760    634
  1557 :   1160   1777   1284
  1558 :   1148   1398   1147
  1559 :   1186   1761   1184
  1560 :    638   1762    640
  1561 :   1252   1737   1250
  1562 :   1103   1774   1105
  1563 :    636    804    638
  1564 :   1236   1456   1234
  1565 :   1116   1778   1152
  1566 :   1180   1181   1141
  1567 :   1141   1763   1139
  1568 :    871    872    869
  1569 :    873    979    872
  1570 :   1094   1744   1096
  1571 :    642    806    644
  1572 :   1420   1745   1391
  1573 :    646    831    648
  1574 :   1232   1459   1230
  1575 :   1701   1702   1323
  1576 :   1726   1862   1843
  1577 :   1091   1339   1094
  1578 :   1139   1764   1137
  1579 :    652    815    654
  1580 :   1137   1142   1052
  1581 :    656    794    658
  1582 :   1238   1742   1236
  1583 :    935    955    934
  1584 :   1096   1169   1103
  1585 :    410   1563    124
  1586 :    660   1782    662
  1587 :    956   1203    955
  1588 :    662    801    664
  1589 :   1228   1784   1226
  1590 :   1107   1280   1116
  1591 :   1135   1207   1134
  1592 :   1226   1321   1224
  1593 :    964   1294   1108
  1594 :   1234   1743   1232
  1595 :    672    789    674
  1596 :    670   1783    672
  1597 :    855    953    952
  1598 :   1048   1067   1046
  1599 :    678    803    680
  1600 :   1158   1276   1160
  1601 :   1392   1749   1350
  1602 :   1220   1362   1218
  1603 :    686    782    688
  1604 :   1040   1751   1038
  1605 :    704    813    706
  1606 :    692    791    694
  1607 :    700    786    702
  1608 :    698   1785    700
  1609 :    716    814    718
  1610 :    712    788    714
  1611 :   1042   1068   1040
  1612 :    962   1746    958
  1613 :   1113   1817   1110
  1614 :    806   1877   1726
  1615 :    417   1635    131
  1616 :    951   1787    931
  1617 :   1034   1779    995
  1618 :   1036   1037   1034
  1619 :    586   1759    588
  1620 :    982   1121    962
  1621 :    980   1750    979
  1622 :   1308   1755   1198
  1623 :    987   1828   1092
  1624 :    958   1119    951
  1625 :   1302   1689   1181
  1626 :   1454   1455   1453
  1627 :   1307   1757   1192
  1628 :    809   1756    604
  1629 :    649   1815    652
  1630 :    936   1161   1082
  1631 :   1306   1761   1186
  1632 :    166   1637    483
  1633 :   1122   1285   1037
  1634 :    578    837    580
  1635 :   1303   1304   1113
  1636 :   1763   1764   1139
  1637 :    807   1758    618
  1638 :   1085   1786    956
  1639 :    934    936    867
  1640 :    866    867    865
  1641 :    875    876    874
  1642 :   1087   1088   1086
  1643 :   1500   1734   1256
  1644 :    869    870    868
  1645 :    946    947    876
  1646 :   1089   1091   1088
  1647 :   1273   1737   1252
  1648 :   1796   1799   1798
  1649 :   1147   1149    947
  1650 :   1080   1323    980
  1651 :   1155   1790   1158
  1652 :    808   1760    632
  1653 :   1059   1415   1003
  1654 :   1212   1748   1089
  1655 :   1121   1746    962
  1656 :   1068   1751   1040
  1657 :    804   1762    638
  1658 :    813    865    706
  1659 :   1304   1818   1817
  1660 :    831   1086    648
  1661 :   1272   1742   1238
  1662 :   1203   1371    955
  1663 :    979   1003    872
  1664 :   1119   1787    951
  1665 :   1456   1743   1234
  1666 :    801   1773    664
  1667 :    378   1539   1538
  1668 :    710   1847    712
  1669 :    791    868    694
  1670 :    803    874    680
  1671 :    396   1574    110
  1672 :   1708   1710    878
  1673 :   1339   1744   1094
  1674 :   1169   1774   1103
  1675 :   1100   1134   1085
  1676 :   1304   1817   1113
  1677 :   1276   1777   1160
  1678 :   1280   1778   1116
  1679 :   1858   1873   1725
  1680 :    690   1814    692
  1681 :    838   1759    586
  1682 :   1814   1873   1858
  1683 :    389   1575    107
  1684 :   1134   1786   1085
  1685 :   1003   1830    872
  1686 :   1700   1830   1003
  1687 :   1799   1800   1798
  1688 :    869   1830    870
  1689 :   1180   1182   1181
  1690 :    568   1875   1813
  1691 :   1068   1753   1752
  1692 :   1087   1090   1089
  1693 :   1548   1549    449
  1694 :   1090   1216   1212
  1695 :    387   1576    100
  1696 :    125    410    124
  1697 :     96   1534    444
  1698 :    574    845    576
  1699 :     94   1535    384
  1700 :    122    402    121
  1701 :     92   1536    443
  1702 :    120    440    119
  1703 :    768   1893   1885
  1704 :    747   1919    745
  1705 :    652   1815    815
  1706 :   1142   1767   1052
  1707 :    868   1834    694
  1708 :    385   1577     88
  1709 :    580   1789    582
  1710 :   1036   1038   1037
  1711 :    118    411    117
  1712 :   1289   1834    868
  1713 :    398   1580     85
  1714 :    904   1825    964
  1715 :    803    877    875
  1716 :    946   1148   1147
  1717 :    378   1537     82
  1718 :   1796   1797   1795
  1719 :   1158   1790   1276
  1720 :    115    392    114
  1721 :   1148   1412   1398
  1722 :    445   1540     80
  1723 :    979   1750   1059
  1724 :    376   1542     78
  1725 :    113    441    112
  1726 :    447   1543     76
  1727 :    791    871    869
  1728 :     73   1544    446
  1729 :    873    980    979
  1730 :   1701   1703   1702
  1731 :   1450   1451   1436
  1732 :    871    873    872
  1733 :    111    396    110
  1734 :    714   1824    716
  1735 :   1452   1453   1451
  1736 :     66   1545    377
  1737 :    866    935    934
  1738 :     64   1582   1581
  1739 :     58   1547    449
  1740 :     56   1647    362
  1741 :    935    956    955
  1742 :    108    389    107
  1743 :    362   1552     55
  1744 :   1731   1859   1846
  1745 :    370   1554     50
  1746 :   1080   1701   1323
  1747 :    105    395    104
  1748 :    103    442    102
  1749 :     43   1561    367
  1750 :   1100   1135   1134
  1751 :    101    387    100
  1752 :   1796   1798   1797
  1753 :     98    397     97
  1754 :    837   1789    580
  1755 :     96    444     95
  1756 :     92    443     91
  1757 :     94    384     93
  1758 :   1820   1852   1847
  1759 :     89    385     88
  1760 :     86    398     85
  1761 :     83    378     82
  1762 :     81    445     80
  1763 :   1435   1436   1434
  1764 :     79    376     78
  1765 :     77    447     76
  1766 :    817   1836    895
  1767 :   1304   1819   1818
  1768 :     73    446     72
  1769 :     75    372     74
  1770 :     70    379     69
  1771 :     68    448     67
  1772 :     63    399     62
  1773 :     64   1581     63
  1774 :     66    377     65
  1775 :     58    449     57
  1776 :     60    363     59
  1777 :     54    450     53
  1778 :     56    362     55
  1779 :     49    451     48
  1780 :     45    452     44
  1781 :     51    370     50
  1782 :     47    368     46
  1783 :     43    367     42
  1784 :    877   1839    875
  1785 :    946   1839   1148
  1786 :    874   1845    680
  1787 :   1472   1473   1471
  1788 :    816   1838    887
  1789 :   1802   1803   1800
  1790 :    788   1824    714
  1791 :   1406   1471   1405
  1792 :   1798   1801   1797
  1793 :   1433   1434   1422
  1794 :   1403   1405   1402
  1795 :    716    718    717
  1796 :    714    716    715
  1797 :   1847   1852   1730
  1798 :    712    714    713
  1799 :   1799   1875   1802
  1800 :   1787   1826    931
  1801 :   1378   1400   1377
  1802 :    704    706    705
  1803 :    710    712    711
  1804 :   1421   1422   1419
  1805 :    702    704    703
  1806 :    700    702    701
  1807 :    692    694    693
  1808 :   1067   1771   1046
  1809 :    698    700    699
  1810 :    690    692    691
  1811 :   1401   1402   1400
  1812 :    964   1108    965
  1813 :    688    690    689
  1814 :   1148   1839   1677
  1815 :    686    688    687
  1816 :    964   1825   1294
  1817 :   1418   1419   1391
  1818 :    678    680    679
  1819 :   1109   1829    902
  1820 :   1091   1094   1093
  1821 :    684    686    685
  1822 :    676    678    677
  1823 :    674    676    675
  1824 :   1318   1375   1317
  1825 :   1316   1317   1315
  1826 :    672    674    673
  1827 :   1376   1377   1375
  1828 :   1160   1284   1283
  1829 :    664    666    665
  1830 :    662    664    663
  1831 :    670    672    671
  1832 :    660    662    661
  1833 :    936   1082   1081
  1834 :   1271   1315   1270
  1835 :   1152   1154   1153
  1836 :    658    660    659
  1837 :    415   1628    128
  1838 :    656    658    657
  1839 :    902   1829    900
  1840 :    654    656    655
  1841 :   1116   1152   1117
  1842 :    570   1813    849
  1843 :   1158   1160   1159
  1844 :   1120   1831    896
  1845 :   1390   1391   1389
  1846 :   1103   1105   1104
  1847 :   1096   1103   1102
  1848 :   1094   1096   1095
  1849 :   1105   1107   1106
  1850 :    646    648    647
  1851 :    644    646    645
  1852 :   1107   1116   1115
  1853 :   1269   1270   1268
  1854 :    642    644    643
  1855 :    652    654    653
  1856 :    640    642    641
  1857 :   1267   1268   1266
  1858 :    634    636    635
  1859 :    638    640    639
  1860 :    644   1843    646
  1861 :    636    638    637
  1862 :    632    634    633
  1863 :    630    632    631
  1864 :   1265   1266   1264
  1865 :    896   1831    894
  1866 :    628    630    629
  1867 :    626    628    627
  1868 :    624    626    625
  1869 :    622    624    623
  1870 :   1819   1908   1818
  1871 :   1263   1264   1262
  1872 :    620    622    621
  1873 :    618    620    619
  1874 :    616    618    617
  1875 :    614    616    615
  1876 :   1261   1262   1260
  1877 :   1386   1387   1350
  1878 :    612    614    613
  1879 :   1118   1833    888
  1880 :    610    612    611
  1881 :   1259   1260   1258
  1882 :    895   1836    899
  1883 :    608    610    609
  1884 :    606    608    607
  1885 :   1349   1350   1348
  1886 :   1257   1258   1256
  1887 :    888   1833    886
  1888 :   1388   1389   1387
  1889 :    604    606    605
  1890 :    570    849    572
  1891 :    602    604    603
  1892 :    955   1792    934
  1893 :    600    602    601
  1894 :   1255   1256   1254
  1895 :   1347   1348   1346
  1896 :    598    600    599
  1897 :   1253   1254   1252
  1898 :    790   1717    726
  1899 :   1345   1346   1211
  1900 :   1251   1252   1250
  1901 :    596    598    597
  1902 :    707    710    709
  1903 :   1249   1250   1248
  1904 :    594    596    595
  1905 :   1247   1248   1246
  1906 :   1210   1211   1209
  1907 :    695    698    697
  1908 :    987   1092    989
  1909 :   1245   1246   1244
  1910 :    899   1101    939
  1911 :    592    594    593
  1912 :   1243   1244   1242
  1913 :   1208   1209   1202
  1914 :   1241   1242   1240
  1915 :   1201   1202   1200
  1916 :    904    964    907
  1917 :    681    684    683
  1918 :   1239   1240   1238
  1919 :   1199   1200   1198
  1920 :    590    592    591
  1921 :    887   1838    891
  1922 :   1237   1238   1236
  1923 :   1197   1198   1196
  1924 :   1825   1876   1294
  1925 :   1183   1184   1182
  1926 :   1235   1236   1234
  1927 :    667    670    669
  1928 :   1217   1218   1216
  1929 :   1195   1196   1194
  1930 :   1193   1194   1192
  1931 :    588    590    589
  1932 :   1233   1234   1232
  1933 :   1191   1192   1190
  1934 :   1231   1232   1230
  1935 :   1155   1158   1157
  1936 :   1229   1230   1228
  1937 :   1189   1190   1188
  1938 :    649    652    651
  1939 :   1187   1188   1186
  1940 :   1227   1228   1226
  1941 :   1911   1920    818
  1942 :   1185   1186   1184
  1943 :   1225   1226   1224
  1944 :   1223   1224   1222
  1945 :    702   1846    704
  1946 :   1219   1220   1218
  1947 :   1221   1222   1220
  1948 :   1039   1040   1038
  1949 :   1179   1180   1141
  1950 :   1140   1141   1139
  1951 :   1472   1474   1473
  1952 :    586    588    587
  1953 :   1136   1137   1052
  1954 :   1138   1139   1137
  1955 :   1051   1052   1050
  1956 :   1049   1050   1048
  1957 :   1047   1048   1046
  1958 :   1045   1046   1044
  1959 :   1069   1704   1698
  1960 :   1043   1044   1042
  1961 :   1780   1781   1779
  1962 :   1041   1042   1040
  1963 :   1033   1034    995
  1964 :   1035   1036   1034
  1965 :    584    586    585
  1966 :    994    995    982
  1967 :   1079   1080    980
  1968 :    961    962    958
  1969 :    981    982    962
  1970 :    957    958    951
  1971 :    950    951    931
  1972 :    872   1830    869
  1973 :   1084   1085    956
  1974 :    891   1827    893
  1975 :    582    584    583
  1976 :    695   1834    698
  1977 :   1114   1303   1113
  1978 :   1406   1472   1471
  1979 :   1099   1100   1085
  1980 :   1770   1771   1067
  1981 :    726   1717    728
  1982 :    893   1827    985
  1983 :    899   1836   1101
  1984 :   1829   1853    900
  1985 :    580    582    581
  1986 :    936   1081    867
  1987 :    910   1295    908
  1988 :    865   1820    706
  1989 :    930    931    913
  1990 :   1766   1767   1142
  1991 :   1112   1113   1110
  1992 :    870   1289    868
  1993 :   1671   2073   2071
  1994 :   1415   1700   1003
  1995 :    905   1109    902
  1996 :   1371   1792    955
  1997 :     37    359     36
  1998 :    340    373    339
  1999 :    343    401    342
  2000 :     33    374     32
  2001 :    346    360    345
  2002 :     35    455     34
  2003 :    674   1944    676
  2004 :   1831   1851    894
  2005 :    947   1083    876
  2006 :    898   1120    896
  2007 :    706   1820    707
  2008 :   1403   1406   1405
  2009 :    890   1118    888
  2010 :    916    943    917
  2011 :    688   1873    690
  2012 :   1833   1850    886
  2013 :   1091   1093   1088
  2014 :    716    717    715
  2015 :    714    715    713
  2016 :    712    713    711
  2017 :    578    580    579
  2018 :    706    707    705
  2019 :    704    705    703
  2020 :    702    703    701
  2021 :    700    701    699
  2022 :   1295   1854    908
  2023 :    694    695    693
  2024 :   1837   1856    815
  2025 :    692    693    691
  2026 :   1803   1805   1804
  2027 :    893    985    984
  2028 :   1401   1403   1402
  2029 :    690    691    689
  2030 :    710    711    709
  2031 :    688    689    687
  2032 :    681   1845    684
  2033 :    686    687    685
  2034 :    875   1839    946
  2035 :    680    681    679
  2036 :    698    699    697
  2037 :    678    679    677
  2038 :    676    677    675
  2039 :    674    675    673
  2040 :   1803   1804   1800
  2041 :    672    673    671
  2042 :   1284   1691   1283
  2043 :    964    965    907
  2044 :   1160   1283   1159
  2045 :    666    667    665
  2046 :    664    665    663
  2047 :    684    685    683
  2048 :    662    663    661
  2049 :   1154   1155   1153
  2050 :   1152   1153   1117
  2051 :    660    661    659
  2052 :    891   1838   1827
  2053 :    568   1813    570
  2054 :    658    659    657
  2055 :    656    657    655
  2056 :   1116   1117   1115
  2057 :   1378   1401   1400
  2058 :   1105   1106   1104
  2059 :    654    655    653
  2060 :   1094   1095   1093
  2061 :   1103   1104   1102
  2062 :   1107   1115   1106
  2063 :    670    671    669
  2064 :   1096   1102   1095
  2065 :    648    649    647
  2066 :    646    647    645
  2067 :   1158   1159   1157
  2068 :    644    645    643
  2069 :   1454   1477   1455
  2070 :    642    643    641
  2071 :   1376   1378   1377
  2072 :    640    641    639
  2073 :   1090   1217   1216
  2074 :    694   1834    695
  2075 :    638    639    637
  2076 :    636    637    635
  2077 :    652    653    651
  2078 :    634    635    633
  2079 :    632    633    631
  2080 :   1480   1509   1481
  2081 :    630    631    629
  2082 :    628    629    627
  2083 :   1827   1828    985
  2084 :    626    627    625
  2085 :   1450   1452   1451
  2086 :   1086   1837   1815
  2087 :    624    625    623
  2088 :   1180   1183   1182
  2089 :    622    623    621
  2090 :    576    578    577
  2091 :   1148   1677   1412
  2092 :   1316   1318   1317
  2093 :    620    621    619
  2094 :   1318   1376   1375
  2095 :    618    619    617
  2096 :   1036   1039   1038
  2097 :   1271   1316   1315
  2098 :    616    617    615
  2099 :    873   1079    980
  2100 :    614    615    613
  2101 :    612    613    611
  2102 :    831   1862   1087
  2103 :   1509   1511   1510
  2104 :    610    611    609
  2105 :   1269   1271   1270
  2106 :    654   1878    656
  2107 :   1828   1840   1092
  2108 :    935   1084    956
  2109 :    608    609    607
  2110 :   1267   1269   1268
  2111 :    606    607    605
  2112 :   1265   1267   1266
  2113 :    604    605    603
  2114 :   1263   1265   1264
  2115 :   1261   1263   1262
  2116 :   1435   1450   1436
  2117 :    602    603    601
  2118 :   1259   1261   1260
  2119 :    813   1859    866
  2120 :   1257   1259   1258
  2121 :   1255   1257   1256
  2122 :   1251   1253   1252
  2123 :    600    601    599
  2124 :   1253   1255   1254
  2125 :   1249   1251   1250
  2126 :   1820   1847    710
  2127 :   1247   1249   1248
  2128 :   1245   1247   1246
  2129 :   1243   1245   1244
  2130 :    598    599    597
  2131 :   1241   1243   1242
  2132 :   1237   1239   1238
  2133 :   1239   1241   1240
  2134 :   1235   1237   1236
  2135 :    596    597    595
  2136 :    646   1843    831
  2137 :   1231   1233   1232
  2138 :   1217   1219   1218
  2139 :   1233   1235   1234
  2140 :   1229   1231   1230
  2141 :   1227   1229   1228
  2142 :   1223   1225   1224
  2143 :   1225   1227   1226
  2144 :   1221   1223   1222
  2145 :   1219   1221   1220
  2146 :   1064   1708    880
  2147 :   1390   1418   1391
  2148 :    594    595    593
  2149 :   1814   1858    871
  2150 :   1421   1433   1422
  2151 :   1433   1435   1434
  2152 :   1349   1386   1350
  2153 :   1477   1480   1478
  2154 :   1418   1421   1419
  2155 :   1210   1345   1211
  2156 :   1345   1347   1346
  2157 :   1347   1349   1348
  2158 :    592    593    591
  2159 :   1386   1388   1387
  2160 :   1197   1199   1198
  2161 :   1201   1208   1202
  2162 :   1191   1193   1192
  2163 :   1208   1210   1209
  2164 :   1183   1185   1184
  2165 :   1199   1201   1200
  2166 :   1185   1187   1186
  2167 :   1189   1191   1190
  2168 :   1195   1197   1196
  2169 :   1193   1195   1194
  2170 :   1187   1189   1188
  2171 :   1039   1041   1040
  2172 :   1140   1179   1141
  2173 :   1045   1047   1046
  2174 :   1051   1136   1052
  2175 :   1047   1049   1048
  2176 :   1136   1138   1137
  2177 :   1388   1390   1389
  2178 :    590    591    589
  2179 :   1043   1045   1044
  2180 :   1049   1051   1050
  2181 :   1079   1707   1080
  2182 :   1138   1140   1139
  2183 :   1041   1043   1042
  2184 :   1033   1035   1034
  2185 :    994   1033    995
  2186 :    961    981    962
  2187 :    957    961    958
  2188 :    950    957    951
  2189 :    981    994    982
  2190 :   1084   1099   1085
  2191 :   1114   1305   1303
  2192 :   1885   1893   1294
  2193 :    588    589    587
  2194 :   1452   1454   1453
  2195 :    930    950    931
  2196 :   1112   1114   1113
  2197 :    905   1110   1109
  2198 :    898   1300   1120
  2199 :    890   1297   1118
  2200 :    586    587    585
  2201 :    574    576    575
  2202 :   1730   1891    788
  2203 :   1313   1899    738
  2204 :    943    945    917
  2205 :    953    997    952
  2206 :    584    585    583
  2207 :    335    460    334
  2208 :    331    461    330
  2209 :    322    403    321
  2210 :    704   1846    813
  2211 :    327    462    326
  2212 :      1    356    336
  2213 :    333    357    332
  2214 :    329    358    328
  2215 :    316    404    315
  2216 :    325    361    324
  2217 :   1082   1097   1081
  2218 :    319    371    318
  2219 :    311    463    310
  2220 :    771   1880   1849
  2221 :    313    364    312
  2222 :    985    986    984
  2223 :    307    464    306
  2224 :    309    365    308
  2225 :    302    405    301
  2226 :    305    369    304
  2227 :    299    381    298
  2228 :    297    465    296
  2229 :    292    406    291
  2230 :    865   1852   1820
  2231 :    295    382    294
  2232 :    766   1882   1848
  2233 :   1081   1852    867
  2234 :    289    380    288
  2235 :    582    583    581
  2236 :    287    466    286
  2237 :    285    383    284
  2238 :    282    407    281
  2239 :   1070   1822    998
  2240 :    280    467    279
  2241 :    640   1889    642
  2242 :    707    709    708
  2243 :    278    386    277
  2244 :    273    468    272
  2245 :    275    408    274
  2246 :    271    388    270
  2247 :   1082   1098   1097
  2248 :    695    697    696
  2249 :    269    469    268
  2250 :   1032   1146    949
  2251 :    893    984    983
  2252 :    891    893    892
  2253 :    965   1014   1013
  2254 :    681    683    682
  2255 :   1787   1903   1826
  2256 :   1088   1837   1086
  2257 :    267    393    266
  2258 :    976   1341   1340
  2259 :    939    976    975
  2260 :    265    470    264
  2261 :    899    939    938
  2262 :    680   1845    681
  2263 :    887    891    889
  2264 :   1813   1875   1799
  2265 :    263    390    262
  2266 :   1168   1503   1364
  2267 :   1014   1168   1167
  2268 :    667    669    668
  2269 :   1155   1157   1156
  2270 :   1180   1855   1183
  2271 :    904    907    906
  2272 :    895    899    897
  2273 :    580    581    579
  2274 :    260    409    259
  2275 :    985   1828    987
  2276 :   1406   1650   1472
  2277 :    258    471    257
  2278 :    901    904    903
  2279 :   1111   1171   1170
  2280 :    649    651    650
  2281 :   1730   1852   1081
  2282 :   1917   1957   1290
  2283 :    256    394    255
  2284 :    986   1057    984
  2285 :    909    912    911
  2286 :    914   1066   1065
  2287 :    253    414    252
  2288 :    250    416    249
  2289 :    985    987    986
  2290 :    867   1852    865
  2291 :   1849   1880   1836
  2292 :    572    574    573
  2293 :    713    766    711
  2294 :    707    708    705
  2295 :    578    579    577
  2296 :    701    771    699
  2297 :    695    696    693
  2298 :    862   1072   1071
  2299 :    689    768    687
  2300 :    816    886    708
  2301 :    778    900    682
  2302 :    817    894    696
  2303 :    817   1849   1836
  2304 :    681    682    679
  2305 :   1111   1112   1110
  2306 :    781    908    668
  2307 :   1366   1399   1305
  2308 :    983    993    892
  2309 :   1167   1382   1013
  2310 :    975    977    938
  2311 :    965   1013    907
  2312 :   1691   1692   1283
  2313 :    675    774    673
  2314 :   1097   1730   1081
  2315 :    901    902    900
  2316 :    895    896    894
  2317 :   1093   1837   1088
  2318 :    887    888    886
  2319 :    909    910    908
  2320 :   1155   1156   1153
  2321 :    667    668    665
  2322 :    684   1892    686
  2323 :    897    898    896
  2324 :    889    890    888
  2325 :   1176   1363    993
  2326 :    903    905    902
  2327 :    911    913    910
  2328 :    990    996    988
  2329 :    661    772    659
  2330 :    914    930    913
  2331 :   1106   1293   1104
  2332 :    657    818    655
  2333 :   1102   1723   1095
  2334 :   1090   1862   1217
  2335 :    649    650    647
  2336 :    653    780    651
  2337 :   1848   1882   1838
  2338 :    873   1858   1079
  2339 :    816   1848   1838
  2340 :    645    819    643
  2341 :   1084   1731   1099
  2342 :    639    775    637
  2343 :    935   1859   1084
  2344 :   1079   1725   1707
  2345 :    709    816    708
  2346 :    890   1298   1297
  2347 :    633    779    631
  2348 :    866   1859    935
  2349 :    893    983    892
  2350 :    898   1301   1300
  2351 :    871   1858    873
  2352 :   1179   1855   1180
  2353 :    697    817    696
  2354 :    891    892    889
  2355 :   1114   1366   1305
  2356 :    627    783    625
  2357 :    905   1111   1110
  2358 :    976   1340    975
  2359 :    939    975    938
  2360 :    899    938    897
  2361 :   1217   1726   1219
  2362 :    683    778    682
  2363 :   1876   1885   1294
  2364 :   1014   1167   1013
  2365 :   1111   1872   1171
  2366 :    950   1166    957
  2367 :   1221   1292   1223
  2368 :   1868   1881   1298
  2369 :   1168   1364   1167
  2370 :   1087   1862   1090
  2371 :    961   1324    981
  2372 :    776    777    765
  2373 :    907   1844    906
  2374 :   1227   1291   1229
  2375 :    994   1383   1033
  2376 :    621    795    619
  2377 :   1378   1404   1401
  2378 :    576    577    575
  2379 :    904    906    903
  2380 :   1039   1213   1041
  2381 :   1157   1290   1156
  2382 :    669    781    668
  2383 :   1233   1699   1235
  2384 :    615    805    613
  2385 :   1045   1054   1047
  2386 :   1237   1690   1239
  2387 :   1241   1288   1243
  2388 :   1066   1165   1065
  2389 :   1051   1172   1136
  2390 :    609    802    607
  2391 :   1247   1684   1249
  2392 :   1140   1367   1179
  2393 :    816    887    886
  2394 :   1251   1681   1253
  2395 :   1183   1322   1185
  2396 :    983   1176    993
  2397 :    817    895    894
  2398 :    887    889    888
  2399 :   1176   1410   1363
  2400 :   1255   1287   1257
  2401 :   1187   1370   1189
  2402 :    895    897    896
  2403 :    778    901    900
  2404 :   1316   1319   1318
  2405 :    603    822    601
  2406 :   1183   1855   1322
  2407 :   1261   1676   1263
  2408 :   1269   1669   1271
  2409 :   1111   1170   1112
  2410 :   1191   1384   1193
  2411 :    901    903    902
  2412 :   1265   1672   1267
  2413 :    781    909    908
  2414 :   1366   1444   1399
  2415 :   1195   1372   1197
  2416 :    909    911    910
  2417 :    911    914    913
  2418 :    599    830    597
  2419 :    914   1065    930
  2420 :    690   1873   1814
  2421 :    820   1936   1729
  2422 :   1201   1431   1208
  2423 :    595    824    593
  2424 :   1210   1446   1345
  2425 :   1817   1897   1109
  2426 :   1347   1423   1349
  2427 :    589    836    587
  2428 :    658   1896    660
  2429 :     45   1661    452
  2430 :   1388   1437   1390
  2431 :    993   1881   1868
  2432 :   1013   1844    907
  2433 :    699   1849    697
  2434 :    705   1850    703
  2435 :    711   1848    709
  2436 :    693   1851    691
  2437 :    570    572    571
  2438 :    679   1853    677
  2439 :   1079   1858   1725
  2440 :   1128   1910    551
  2441 :   1217   1862   1726
  2442 :   1057   1866    984
  2443 :   1827   1882   1828
  2444 :    665   1854    663
  2445 :   1084   1859   1731
  2446 :    574    575    573
  2447 :   1888   1897    774
  2448 :   1095   1856   1093
  2449 :    583    841    581
  2450 :    930   1857    950
  2451 :    697   1849    817
  2452 :    709   1848    816
  2453 :    991   1309   1127
  2454 :    778   1876   1825
  2455 :   1382   1844   1013
  2456 :    984   1866    983
  2457 :   1819   1916   1908
  2458 :   1138   1864   1140
  2459 :    912   1867    911
  2460 :    914   1867   1066
  2461 :    996   1874    988
  2462 :    957   1861    961
  2463 :   1568   1573   1565
  2464 :    981   1863    994
  2465 :   1033   1865   1035
  2466 :    579    843    577
  2467 :    771   1849    699
  2468 :    708   1850    705
  2469 :    766   1848    711
  2470 :    987    988    986
  2471 :    991   1879   1309
  2472 :   1065   1857    930
  2473 :    696   1851    693
  2474 :   1069   1729   1704
  2475 :    886   1850    708
  2476 :   1185   1870   1187
  2477 :    682   1853    679
  2478 :    894   1851    696
  2479 :    683   1876    778
  2480 :   1189   1871   1191
  2481 :    900   1853    682
  2482 :    685   1876    683
  2483 :    890   1868   1298
  2484 :    908   1854    668
  2485 :    898   1869   1301
  2486 :    668   1854    665
  2487 :    889   1868    890
  2488 :    897   1869    898
  2489 :    987    989    988
  2490 :    905   1872   1111
  2491 :    993   1868    892
  2492 :   1723   1856   1095
  2493 :    903   1872    905
  2494 :   1098   1719   1097
  2495 :    977   1869    938
  2496 :   1302   2011   2007
  2497 :    575    842    573
  2498 :   1093   1856   1837
  2499 :    568    570    569
  2500 :    950   1857   1166
  2501 :    815   1878    654
  2502 :    572    573    571
  2503 :   1671   2071    843
  2504 :   1840   1841   1092
  2505 :    986   1874   1057
  2506 :    983   1866   1176
  2507 :    892   1868    889
  2508 :   1166   1861    957
  2509 :    961   1861   1324
  2510 :   1324   1863    981
  2511 :    938   1869    897
  2512 :    994   1863   1383
  2513 :    911   1867    914
  2514 :   1383   1865   1033
  2515 :   1219   1877   1221
  2516 :   1140   1864   1367
  2517 :    906   1872    903
  2518 :   1295   1883   1854
  2519 :   1322   1870   1185
  2520 :   1187   1870   1370
  2521 :   1746   1920   1119
  2522 :   1370   1871   1189
  2523 :   1829   1888   1853
  2524 :   1831   1887   1851
  2525 :   1191   1871   1384
  2526 :   1833   1886   1850
  2527 :   1726   1877   1219
  2528 :   1221   1877   1292
  2529 :    634   1905    636
  2530 :   1027   1175   1028
  2531 :    553   1924   1128
  2532 :   1175   1325   1296
  2533 :    661   1883    772
  2534 :    768   1885    687
  2535 :    701   1886    771
  2536 :    689   1887    768
  2537 :    570    571    569
  2538 :    675   1888    774
  2539 :   1689   2004    783
  2540 :    663   1883    661
  2541 :   1675   2069   2067
  2542 :    642   1889    806
  2543 :   1648   2089   2079
  2544 :    687   1885    685
  2545 :   1854   1883    663
  2546 :   1836   1880   1101
  2547 :    814    916    915
  2548 :   1850   1886    703
  2549 :   1851   1887    691
  2550 :    703   1886    701
  2551 :   1853   1888    677
  2552 :   1829   1897   1888
  2553 :    691   1887    689
  2554 :    677   1888    675
  2555 :    988   1874    986
  2556 :   1092   1879    989
  2557 :   1363   1881    993
  2558 :    564    850    566
  2559 :   1761   2015    795
  2560 :    685   1885   1876
  2561 :   1872   1890   1171
  2562 :    749   1705    752
  2563 :   1293   1894   1104
  2564 :   1102   1894   1723
  2565 :   1765   2003   2001
  2566 :   1838   1882   1827
  2567 :    952    954    856
  2568 :   1306   2020   2019
  2569 :   1570   2163   1569
  2570 :   1916   1932    781
  2571 :    676   1944   1736
  2572 :    906   1890   1872
  2573 :    686   1892    782
  2574 :   1712   1958   1954
  2575 :   1294   1893   1108
  2576 :    864    969    863
  2577 :    989    990    988
  2578 :   1766   1999    779
  2579 :    568    569    567
  2580 :    967   1320    933
  2581 :   1840   1900   1841
  2582 :    566    568    567
  2583 :   1788   1920   1911
  2584 :   1844   1890    906
  2585 :    569    844    567
  2586 :   1770   1982    775
  2587 :   1747   1939   1933
  2588 :   1104   1894   1102
  2589 :   1292   1898   1223
  2590 :    766   1900   1840
  2591 :   1757   2026    805
  2592 :   1752   1966    819
  2593 :   1788   1911    772
  2594 :    713   1900    766
  2595 :   1307   2030   2027
  2596 :   1883   1903    772
  2597 :   1420   2064   2063
  2598 :   1747   1933    818
  2599 :   1675   2067    841
  2600 :    926   2089    924
  2601 :    740   1965   1901
  2602 :   1075   1076   1074
  2603 :   1227   1902   1291
  2604 :   1712   1954    650
  2605 :   1106   1904   1293
  2606 :   1717   1718    728
  2607 :   1097   1891   1730
  2608 :   1818   1908    774
  2609 :    628   1922    630
  2610 :    855    856    854
  2611 :    794   1896    658
  2612 :   1780   1950    780
  2613 :    933   1980    834
  2614 :   1286   2104   2094
  2615 :   1755   2031    802
  2616 :   1719   1891   1097
  2617 :   1308   2039   2038
  2618 :    667   1917    670
  2619 :    560    937    562
  2620 :   1392   2058   2057
  2621 :   1120   1918   1831
  2622 :   1109   1897   1829
  2623 :   1683   2046   2042
  2624 :   1118   1907   1833
  2625 :    792    918    736
  2626 :   1745   2060    836
  2627 :   1680   2050   2049
  2628 :   1303   1946   1941
  2629 :   1223   1898   1225
  2630 :    774   1908    673
  2631 :    715   1900    713
  2632 :   1295   1903   1883
  2633 :    820    855    854
  2634 :    138   1599    423
  2635 :   1749   2052    824
  2636 :   1781   1939   1121
  2637 :   1156   1909   1153
  2638 :   1683   2042    822
  2639 :    566    567    565
  2640 :    814    915    718
  2641 :    772   1911    659
  2642 :    564    566    565
  2643 :    657   1911    818
  2644 :   1680   2049    830
  2645 :   1841   1879   1092
  2646 :    624   1931    626
  2647 :    976   1940   1341
  2648 :    916    917    915
  2649 :   1291   1912   1229
  2650 :    773    858    857
  2651 :   1029   1466   1465
  2652 :    669   1916    781
  2653 :   1826   1903   1295
  2654 :   1225   1902   1227
  2655 :    989   1879    991
  2656 :   1769   1992   1985
  2657 :   1233   1915   1699
  2658 :   1352   1636   1587
  2659 :   1115   1904   1106
  2660 :   1898   1902   1225
  2661 :   1396   1408   1132
  2662 :   1027   1028    945
  2663 :    636   1905    804
  2664 :   1886   1907    771
  2665 :    773    857    750
  2666 :    565    847    563
  2667 :    139   1600   1599
  2668 :   1157   1926   1290
  2669 :    620   1942    622
  2670 :   1120   1937   1918
  2671 :    740   1901    742
  2672 :    939   1934    976
  2673 :    858    859    857
  2674 :   1753   1977   1971
  2675 :   1303   1941   1304
  2676 :    883    884    881
  2677 :    989    991    990
  2678 :   1117   1906   1115
  2679 :   1633   1634   1279
  2680 :   1692   1930   1283
  2681 :   1699   1929   1235
  2682 :   1237   1929   1690
  2683 :    909   1932    912
  2684 :    564    565    563
  2685 :   1115   1906   1904
  2686 :    562    564    563
  2687 :    726    728    727
  2688 :   1014   1948   1168
  2689 :    746    747    745
  2690 :    729    730    727
  2691 :   1118   1927   1907
  2692 :   1833   1907   1886
  2693 :    818   1933    655
  2694 :    653   1933    780
  2695 :    673   1908    671
  2696 :   1297   1927   1118
  2697 :    746    820    748
  2698 :    425   1600    140
  2699 :    746    748    747
  2700 :   1153   1909   1117
  2701 :   1819   1932   1916
  2702 :   1297   1934   1927
  2703 :    973   2072    928
  2704 :    561    846    559
  2705 :   1117   1909   1906
  2706 :    659   1911    657
  2707 :    771   1907   1880
  2708 :    484   2044    200
  2709 :    614   1949    616
  2710 :   1690   1938   1239
  2711 :   1241   1938   1288
  2712 :   1229   1912   1231
  2713 :    965   1943   1014
  2714 :   1773   1957    666
  2715 :   1900   1925   1841
  2716 :    860    862    859
  2717 :    720   1925    717
  2718 :   1486   1487   1204
  2719 :   1751   1958   1122
  2720 :    731    769    730
  2721 :    991    992    990
  2722 :    724    726    725
  2723 :   1300   1937   1120
  2724 :   1908   1916    671
  2725 :   1412   2209   1432
  2726 :   1001   1278   1061
  2727 :    715   1925   1900
  2728 :   1156   1957   1909
  2729 :    919    920    918
  2730 :   1231   1915   1233
  2731 :    810   1274    853
  2732 :    562    563    561
  2733 :    671   1916    669
  2734 :   1119   1920   1788
  2735 :   1887   1918    768
  2736 :    610   1955    612
  2737 :   1912   1915   1231
  2738 :    851   1031   1030
  2739 :    666   1917    667
  2740 :    945   1923    917
  2741 :   1300   1943   1937
  2742 :   1288   1945   1243
  2743 :    630   1922    808
  2744 :    719    720    717
  2745 :   1053   1526   1427
  2746 :   1071   1956    859
  2747 :   1907   1927   1880
  2748 :   1072   1075   1074
  2749 :   1247   1947   1684
  2750 :    787   1936    744
  2751 :    717   1925    715
  2752 :    742   1901    787
  2753 :    780   1950    651
  2754 :   1075   1205   1204
  2755 :    560    562    561
  2756 :   1771   1977   1772
  2757 :   1175   1296   1028
  2758 :   1031   1351   1150
  2759 :    991   1127    992
  2760 :    724   1994    790
  2761 :    723    770    721
  2762 :    606   1964    608
  2763 :   1934   1940    976
  2764 :   1831   1918   1887
  2765 :    917   1299    915
  2766 :    858    860    859
  2767 :   1159   1926   1157
  2768 :    744   1936    746
  2769 :    768   1918   1893
  2770 :   1919   1956   1716
  2771 :    862   1921   1072
  2772 :    722    724    723
  2773 :   1053   1822   1526
  2774 :    557    560    559
  2775 :    729   1884    732
  2776 :   1684   1952   1249
  2777 :    718    719    717
  2778 :   1251   1952   1681
  2779 :   1918   1937   1893
  2780 :    743    767    741
  2781 :    650   1954    647
  2782 :    645   1954    819
  2783 :   1235   1929   1237
  2784 :    857   1919    750
  2785 :    510    511    509
  2786 :    750   1919    747
  2787 :   1927   1934   1101
  2788 :   1283   1930   1159
  2789 :   1159   1930   1926
  2790 :    560   1914    937
  2791 :    626   1931    812
  2792 :    857   1956   1919
  2793 :   1941   1946    912
  2794 :    742    787    744
  2795 :   1028   1923    945
  2796 :   1075   1204   1076
  2797 :    126   1816    413
  2798 :    600   1972    602
  2799 :   1943   1948   1014
  2800 :   1681   1959   1253
  2801 :    789   1944    674
  2802 :   1255   1959   1287
  2803 :   1310   2029   2009
  2804 :    655   1933    653
  2805 :    507    509    506
  2806 :    744    745    743
  2807 :   1880   1927   1101
  2808 :   1101   1934    939
  2809 :   1305   1946   1303
  2810 :   1296   1310   1028
  2811 :    998   1053    997
  2812 :    781   1932    909
  2813 :   1078   1396   1132
  2814 :   1909   1957   1773
  2815 :   1205   1486   1204
  2816 :    855    952    856
  2817 :    560    561    559
  2818 :    474   2088   2087
  2819 :    847   1913    563
  2820 :   1932   1941    912
  2821 :    819   1966    643
  2822 :    744    746    745
  2823 :    596   1975    598
  2824 :   2079   2089   1281
  2825 :   1121   1939   1747
  2826 :   1287   1967   1257
  2827 :   1399   1953   1305
  2828 :   1239   1938   1241
  2829 :    639   1971    775
  2830 :   1261   1970   1676
  2831 :    622   1942    800
  2832 :    561   1913    846
  2833 :   1937   1943   1108
  2834 :   1304   1941   1819
  2835 :    557    558    555
  2836 :   1767   1992   1768
  2837 :    592   1981    594
  2838 :   1395   1438   1394
  2839 :   1736   1944   1692
  2840 :    719    722    721
  2841 :   1298   1940   1297
  2842 :   1053   1427   1426
  2843 :    563   1913    561
  2844 :   1108   1943    965
  2845 :   1676   1974   1263
  2846 :   1265   1974   1672
  2847 :    879    883    881
  2848 :   1072   1921   1075
  2849 :    557    559    558
  2850 :    531    532    529
  2851 :   1075   1921   1205
  2852 :    728   1884    729
  2853 :    588   1986    590
  2854 :    512    513    511
  2855 :   1709   2041    770
  2856 :   1053   1426    997
  2857 :   1893   1937   1108
  2858 :    742    744    743
  2859 :    728    729    727
  2860 :   1297   1940   1934
  2861 :   1305   1953   1946
  2862 :   1243   1945   1245
  2863 :   1672   1978   1267
  2864 :   1269   1978   1669
  2865 :    917   1923   1299
  2866 :   1310   1923   1028
  2867 :    775   1982    637
  2868 :    582   1993    584
  2869 :   1628   1816    127
  2870 :    746   1936    820
  2871 :   1245   1947   1247
  2872 :   1637   1639   1638
  2873 :    755   1976    753
  2874 :    912   1946   1867
  2875 :    742    743    741
  2876 :   1316   1984   1319
  2877 :   1669   1984   1271
  2878 :   1945   1947   1245
  2879 :    754    793    756
  2880 :    720   1969   1925
  2881 :   1177   1443   1381
  2882 :    556   1914    557
  2883 :   1301   1948   1300
  2884 :    633   1985    779
  2885 :    576   1998    578
  2886 :    796    797    777
  2887 :    616   1949    807
  2888 :    557   1914    560
  2889 :    514    515    513
  2890 :    651   1950    650
  2891 :   1819   1941   1932
  2892 :    739    821    738
  2893 :    737    738    735
  2894 :    729    731    730
  2895 :    915   1935    718
  2896 :   1319   1990   1318
  2897 :    516    519    515
  2898 :   1378   1991   1404
  2899 :   1763   2003   1764
  2900 :   1925   1969   1841
  2901 :    726    727    725
  2902 :   1300   1948   1943
  2903 :    168   1651    485
  2904 :   1650   1996   1472
  2905 :    998   1822   1053
  2906 :   1008   1009   1006
  2907 :    201   2062    484
  2908 :   1406   1997   1650
  2909 :   1249   1952   1251
  2910 :   1404   1995   1401
  2911 :    520    521    519
  2912 :    724    725    723
  2913 :    762    784    764
  2914 :    612   1955    811
  2915 :    647   1954    645
  2916 :    779   1999    631
  2917 :    722    723    721
  2918 :   1204   1928   1076
  2919 :   1299   1994   1935
  2920 :   1076   1928   1078
  2921 :    978   2013   1395
  2922 :    506   2013    505
  2923 :   1946   1953   1867
  2924 :   1867   1953   1066
  2925 :    627   2001    783
  2926 :    719    721    720
  2927 :    853   1697    966
  2928 :   2009   2029    790
  2929 :   1122   1958   1712
  2930 :    925    948    926
  2931 :   1718   1884    728
  2932 :   1290   1957   1156
  2933 :    522    523    521
  2934 :    556    557    555
  2935 :    793    925    924
  2936 :   1253   1959   1255
  2937 :    969   1177    970
  2938 :   1177   1381    970
  2939 :    862   1973   1921
  2940 :    608   1964    799
  2941 :    524    528    523
  2942 :   1710   1979    725
  2943 :   1184   2011   1182
  2944 :   1879   1969   1309
  2945 :    783   2004    625
  2946 :    718   1935    719
  2947 :    732    734    733
  2948 :    737    740    739
  2949 :    859   1956    857
  2950 :    740    742    741
  2951 :    643   1966    641
  2952 :    737    739    738
  2953 :    621   2007    795
  2954 :    533    534    532
  2955 :    558   1924    555
  2956 :    552   1021    554
  2957 :    729    732    731
  2958 :   1257   1967   1259
  2959 :   1078   1928   1396
  2960 :   1935   1994    722
  2961 :    505   2013    517
  2962 :    719   1935    722
  2963 :    535    536    534
  2964 :   1966   1971    641
  2965 :   1299   1935    915
  2966 :   1259   1970   1261
  2967 :    641   1971    639
  2968 :    966   1697   1515
  2969 :   1967   1970   1259
  2970 :   1190   2020   1188
  2971 :    863   1973    860
  2972 :    602   1972    809
  2973 :   1056   1163    940
  2974 :    740    741    739
  2975 :    795   2015    619
  2976 :    537    538    536
  2977 :    539    540    538
  2978 :   1329   1330   1327
  2979 :    734    735    733
  2980 :   1653   1656   1655
  2981 :    615   2019    805
  2982 :    541    543    540
  2983 :    517    978    549
  2984 :    948   1032    949
  2985 :   1263   1974   1265
  2986 :   1841   1969   1879
  2987 :    554    556    555
  2988 :    732    733    731
  2989 :   1772   1977   1753
  2990 :    598   1975    823
  2991 :   1361   1644   1355
  2992 :    373   1987   1652
  2993 :   1588   1590   1589
  2994 :    497    499    498
  2995 :    970   1973    863
  2996 :    544    545    543
  2997 :    825    826    785
  2998 :   1196   2030   1194
  2999 :    126    413      3
  3000 :    723   1979    770
  3001 :    839   2072   1586
  3002 :    805   2026    613
  3003 :   1705   2000    752
  3004 :    546   1005    545
  3005 :    550    551    518
  3006 :    482   2062    202
  3007 :   1032   1373   1146
  3008 :    969    970    863
  3009 :   1267   1978   1269
  3010 :    860   1973    862
  3011 :    609   2027    802
  3012 :    769   1989    879
  3013 :    129    415    128
  3014 :    734    736    735
  3015 :    921    923    920
  3016 :    594   1981    829
  3017 :    130   1588    129
  3018 :   1010   1011   1009
  3019 :    637   1982    635
  3020 :    767   1951    741
  3021 :    132    417    131
  3022 :    739   1951    821
  3023 :   1012   1015   1011
  3024 :    131   1635    130
  3025 :   1486   2149   1488
  3026 :   1202   2039   1200
  3027 :    499    502    500
  3028 :   1921   1983   1205
  3029 :   1271   1984   1316
  3030 :    802   2031    607
  3031 :   1589   1598    415
  3032 :   1982   1985    635
  3033 :    590   1986    835
  3034 :    736    737    735
  3035 :    554    555    553
  3036 :    635   1985    633
  3037 :    135    420    134
  3038 :    885    941    884
  3039 :   1016   1017   1015
  3040 :    603   2038    822
  3041 :    413    497    496
  3042 :   1214   1529    840
  3043 :    128   1628    127
  3044 :    555   1924    553
  3045 :   1211   2046   1209
  3046 :    133   2100    132
  3047 :   1018   1019   1017
  3048 :   1318   1990   1376
  3049 :    138    423    137
  3050 :    741   1951    739
  3051 :   1670   2127   1281
  3052 :   1768   1992   1769
  3053 :    139   1599    138
  3054 :    793   2000   1282
  3055 :   1376   1991   1378
  3056 :   1020   1326   1019
  3057 :    550   1960    552
  3058 :    822   2042    601
  3059 :    599   2042    830
  3060 :    584   1993    838
  3061 :   1990   1991   1376
  3062 :    140   1600    139
  3063 :   1348   2050   1346
  3064 :    141    425    140
  3065 :   1472   1996   1474
  3066 :    552    553    551
  3067 :   1401   1995   1403
  3068 :    918   1965    736
  3069 :   1403   1997   1406
  3070 :    578   1998    837
  3071 :    725   1979    723
  3072 :    978   1394   1151
  3073 :   1995   1997   1403
  3074 :    830   2049    597
  3075 :    595   2049    824
  3076 :   1899   1988    733
  3077 :   1393   1624    974
  3078 :    631   1999    629
  3079 :    770   2012    721
  3080 :    144    428    143
  3081 :    879   1989    883
  3082 :   1331   1332   1330
  3083 :    722   1994    724
  3084 :    948   1126   1032
  3085 :    552    554    553
  3086 :    629   2001    627
  3087 :   1389   2058   1387
  3088 :   1320   1980    933
  3089 :   1999   2001    629
  3090 :    954   2002   1630
  3091 :   1336   1337   1335
  3092 :   1961   1962   1021
  3093 :   1973   1983   1921
  3094 :   1333   1335   1332
  3095 :    502    504    503
  3096 :    824   2052    593
  3097 :    731   1988    769
  3098 :   1764   2003   1765
  3099 :    157   1606    439
  3100 :    589   2057    836
  3101 :    147    430    146
  3102 :    737   1965    740
  3103 :   1614   1615   1613
  3104 :    883    885    884
  3105 :    793   1282    925
  3106 :    532   2018    529
  3107 :    752   2000    754
  3108 :   1422   2064   1419
  3109 :   1381   1983    970
  3110 :    754   2000    793
  3111 :    459   1607   1606
  3112 :    504    506    505
  3113 :    550    552    551
  3114 :    552   1960   1021
  3115 :    836   2060    587
  3116 :   1969   2012   1309
  3117 :    549    550    518
  3118 :   1338   1368   1337
  3119 :    517    549    518
  3120 :   1616   1617   1615
  3121 :   1343   1411    548
  3122 :    499    500    498
  3123 :   1436   2069   1434
  3124 :   1988   1989    769
  3125 :    170   1665    488
  3126 :    583   2063    841
  3127 :    625   2004    623
  3128 :    150    432    149
  3129 :    883    968    885
  3130 :   1453   2073   1451
  3131 :   1612   1613   1610
  3132 :   2004   2007    623
  3133 :    623   2007    621
  3134 :   1923   2009   1299
  3135 :   1481   2076   1478
  3136 :    720   2012   1969
  3137 :    841   2067    581
  3138 :    978   1151    549
  3139 :    579   2067    843
  3140 :   1182   2011   1302
  3141 :    428   2396   1441
  3142 :    923   1129    920
  3143 :    459   1606    158
  3144 :    127   1816    126
  3145 :    736   1965    737
  3146 :   1590   1592   1591
  3147 :    843   2071    577
  3148 :    575   2071    842
  3149 :   1994   2009    790
  3150 :    153    434    152
  3151 :    511    527    509
  3152 :    165   2101    164
  3153 :   2065   2096   1512
  3154 :   1274   1697    853
  3155 :   1618   1619   1617
  3156 :    619   2015    617
  3157 :   1006   1968   1005
  3158 :    842   2074    573
  3159 :    517    518    508
  3160 :   1064   2090   1709
  3161 :    960   1174    974
  3162 :    502    503    500
  3163 :    155    472    154
  3164 :    157    439    156
  3165 :    159   1668    459
  3166 :    970   1983   1973
  3167 :   1637   1638    483
  3168 :   2015   2019    617
  3169 :   1960   1961   1021
  3170 :    569   2075    844
  3171 :   1965   2017   1901
  3172 :    617   2019    615
  3173 :   1394   1417   1151
  3174 :   1127   2016    992
  3175 :    885    942    941
  3176 :    504    505    503
  3177 :    528   1206    548
  3178 :    883   1989    968
  3179 :   1188   2020   1306
  3180 :    567   2077    565
  3181 :    770   2041   2012
  3182 :    158   1606    157
  3183 :    432   1602    149
  3184 :    927    963    758
  3185 :    519    542    515
  3186 :    473   1668    160
  3187 :    960    967    933
  3188 :    733   1988    731
  3189 :   1310   2009   1923
  3190 :    613   2026    611
  3191 :   2017   2078   1901
  3192 :   1648   2079    760
  3193 :   1129   2078   2017
  3194 :    529   2018    528
  3195 :   1299   2009   1994
  3196 :    160   1668    159
  3197 :   2026   2027    611
  3198 :    611   2027    609
  3199 :    159    459    158
  3200 :   1355   1414   1353
  3201 :    721   2012    720
  3202 :    505    508    503
  3203 :    505    517    508
  3204 :    542   2023   2022
  3205 :   1194   2030   1307
  3206 :   1031   1150   1030
  3207 :   1005   1968   1407
  3208 :    528    548    523
  3209 :   1590   1591   1589
  3210 :   1607   1611   1606
  3211 :   1065   2083   1857
  3212 :    790   2029   1717
  3213 :    161   1625    473
  3214 :   2012   2041   1309
  3215 :    161    473    160
  3216 :    932    933    834
  3217 :    607   2031    605
  3218 :    918   2017   1965
  3219 :   1174   1393    974
  3220 :    534    547    532
  3221 :   1005   1407   1342
  3222 :    784    825    785
  3223 :   2031   2038    605
  3224 :   1330   2048   1327
  3225 :    517   2013    978
  3226 :    605   2038    603
  3227 :    960    974    967
  3228 :   1910   2066    508
  3229 :    162   1625    161
  3230 :    787   2078   1704
  3231 :    547   2018    532
  3232 :    920   2017    918
  3233 :   1200   2039   1308
  3234 :   2023   2024   2022
  3235 :   2029   2098   1277
  3236 :    540   1133    538
  3237 :   2054   2055   1024
  3238 :    475   1625    162
  3239 :    163    475    162
  3240 :    825    929    826
  3241 :   1313   2082   1899
  3242 :   1282   2010    925
  3243 :   1206   1343    548
  3244 :   1309   2041   1127
  3245 :    948   2010   1126
  3246 :    601   2042    599
  3247 :    550   2005   1960
  3248 :     14    375     13
  3249 :    851   1030    932
  3250 :   1209   2046   1683
  3251 :    928   2072    839
  3252 :    459   1608   1607
  3253 :   2032   2034   2033
  3254 :    765   1645    761
  3255 :   1005   1342    545
  3256 :   1009   1968   1006
  3257 :    925   2010    948
  3258 :    832    851    834
  3259 :    597   2049    595
  3260 :    549   2005    550
  3261 :   1126   2006   1032
  3262 :   1346   2050   1680
  3263 :   1313   2094   2082
  3264 :    497    498    496
  3265 :   2034   2035   2033
  3266 :   1508   2072    973
  3267 :    513   2014    511
  3268 :    593   2052    591
  3269 :   1015   1024   1011
  3270 :   1129   2017    920
  3271 :    166    483    165
  3272 :   1032   2006   1373
  3273 :   1151   2005    549
  3274 :     13   2008     12
  3275 :   2052   2057    591
  3276 :    591   2057    589
  3277 :    851    932    834
  3278 :    480   2093    209
  3279 :   1150   1495   1030
  3280 :    797    832    798
  3281 :   1407   1464   1342
  3282 :   1387   2058   1392
  3283 :    932    960    933
  3284 :   1327   2048   1326
  3285 :   1132   2106   1131
  3286 :    528   2018   1206
  3287 :    515   2021    513
  3288 :   1326   1365   1019
  3289 :    587   2060    585
  3290 :    432   1603   1602
  3291 :    210   2085    480
  3292 :   1351   2068   1150
  3293 :   2060   2063    585
  3294 :    585   2063    583
  3295 :    521   2025    519
  3296 :    168    485    167
  3297 :   1419   2064   1420
  3298 :   1411   2028    548
  3299 :   1332   1334   1330
  3300 :    476   2085    211
  3301 :     17    412     16
  3302 :    581   2067    579
  3303 :    523   2028    521
  3304 :    847   2065   1913
  3305 :    511   2014    527
  3306 :    828    852    848
  3307 :   1434   2069   1675
  3308 :    509   2043    506
  3309 :    212   2087    476
  3310 :   1130   1380   1162
  3311 :   1608   1610   1609
  3312 :    577   2071    575
  3313 :    500    501    498
  3314 :    784   1281    825
  3315 :   1451   2073   1671
  3316 :    832    834    798
  3317 :    542   2025   2023
  3318 :   1150   1496   1495
  3319 :    474   2087    213
  3320 :    527   2043    509
  3321 :   1334   2048   1330
  3322 :    170    488    169
  3323 :   1510   2096   1649
  3324 :    573   2074    571
  3325 :   2013   2043   1395
  3326 :    571   2075    569
  3327 :   1478   2076   1479
  3328 :   1368   1424   1337
  3329 :   2074   2075    571
  3330 :    542   2021    515
  3331 :     11    422     10
  3332 :    536   2032    534
  3333 :    542   2022   2021
  3334 :    565   2077    847
  3335 :    519   2025    542
  3336 :    762   2079    784
  3337 :   1633   2094   1313
  3338 :    506   2043   2013
  3339 :    200   2044    199
  3340 :   2055   2061   1024
  3341 :   1698   2140   1070
  3342 :    485   1637    167
  3343 :    543   2040    540
  3344 :   1709   2090   2041
  3345 :    548   2028    523
  3346 :    797    798    777
  3347 :    172    491    171
  3348 :    545   2045    543
  3349 :    438   2097    219
  3350 :   1608   1609   1607
  3351 :    477   2176   1490
  3352 :    513   2021   2014
  3353 :   1901   2078    787
  3354 :    960   2051   1174
  3355 :   1595   2108   1591
  3356 :    202   2062    201
  3357 :   1988   2082   1989
  3358 :   2041   2090   1127
  3359 :    488   1651    169
  3360 :    534   2032    547
  3361 :   1355   1644   1414
  3362 :   2032   2033    547
  3363 :    760   2079    762
  3364 :    784   2079   1281
  3365 :    521   2028   2025
  3366 :    852   1056    940
  3367 :   1165   2083   1065
  3368 :    538   2080    536
  3369 :   1495   2051   1030
  3370 :     19    458     18
  3371 :    540   2040   1133
  3372 :   1017   2053   1015
  3373 :    174    493    173
  3374 :   1011   2061   1009
  3375 :   1030   2051    932
  3376 :    503   2066    500
  3377 :   1342   2045    545
  3378 :    491   1665    171
  3379 :   1133   2080    538
  3380 :    498   2047    496
  3381 :   2082   2094    968
  3382 :   2077   2096    847
  3383 :    932   2051    960
  3384 :   1507   1508    973
  3385 :    413    496    495
  3386 :   1649   2096   2077
  3387 :    508   2066    503
  3388 :   1899   2082   1988
  3389 :   1570   2165   2163
  3390 :    929   2091    826
  3391 :    424   2102    237
  3392 :   1130   1162   1056
  3393 :    176    492    175
  3394 :    924   2089   1648
  3395 :    209   2093    208
  3396 :   2053   2054   1024
  3397 :   1015   2053   1024
  3398 :    413    495      3
  3399 :   1024   2061   1011
  3400 :    543   2045   2040
  3401 :   1009   2061   1968
  3402 :   1335   2070   1332
  3403 :    407   2092   1741
  3404 :    211   2085    210
  3405 :    536   2080   2032
  3406 :   1222   2125   1220
  3407 :    375   2008     13
  3408 :    213   2087    212
  3409 :   1149   2130   1703
  3410 :   1128   2128   1910
  3411 :    942   2122    941
  3412 :   2032   2080   2034
  3413 :   1150   2068   1496
  3414 :   1989   2082    968
  3415 :   1980   2084    798
  3416 :    485   1639   1637
  3417 :    177   1678    176
  3418 :    219   2097    218
  3419 :   1572   2165   1570
  3420 :    852   1130   1056
  3421 :    885   2104    942
  3422 :    826   2091    828
  3423 :   1332   2070   1334
  3424 :      9    477      8
  3425 :    500   2066    501
  3426 :   1127   2090   2016
  3427 :    237   2102    236
  3428 :    968   2104    885
  3429 :     20   2059     19
  3430 :   1398   2130   1147
  3431 :   1325   2099   1296
  3432 :   1296   2098   1310
  3433 :    501   2047    498
  3434 :   2033   2086    547
  3435 :    777   2084    765
  3436 :   1310   2098   2029
  3437 :    547   2086   2018
  3438 :   1296   2099   2098
  3439 :   1361   2219   1644
  3440 :    496   1055    495
  3441 :    374   2105   1693
  3442 :   1260   2132   1754
  3443 :   1131   2106   1286
  3444 :   1056   2095   1163
  3445 :   2018   2086   1206
  3446 :    765   2084   1645
  3447 :    132   2100    417
  3448 :    828   2091    852
  3449 :   1591   2108   1589
  3450 :    334   2109    333
  3451 :    321   2110    320
  3452 :    308   2111    307
  3453 :    303   2112    302
  3454 :    298   2113    297
  3455 :    296   2114    295
  3456 :    284   2115    283
  3457 :    274   2116    273
  3458 :    272   2118    271
  3459 :    270   2117    269
  3460 :    268   2119    267
  3461 :    266   2120    265
  3462 :    264   2121    263
  3463 :    798   2084    777
  3464 :    852   2091   1130
  3465 :    460   2109    334
  3466 :    403   2110    321
  3467 :    333   2109    357
  3468 :    307   2111    464
  3469 :    365   2111    308
  3470 :    302   2112    405
  3471 :    381   2113    298
  3472 :    297   2113    465
  3473 :    465   2114    296
  3474 :    295   2114    382
  3475 :    383   2115    284
  3476 :    273   2116    468
  3477 :    468   2118    272
  3478 :    408   2116    274
  3479 :    271   2118    388
  3480 :    388   2117    270
  3481 :    269   2117    469
  3482 :    469   2119    268
  3483 :    267   2119    393
  3484 :    393   2120    266
  3485 :    265   2120    470
  3486 :    470   2121    264
  3487 :    263   2121    390
  3488 :    496   2047   1055
  3489 :   1881   2133   1298
  3490 :   1464   2284    227
  3491 :    847   2096   2065
  3492 :   1589   2108   1598
  3493 :    230   2123    229
  3494 :   1940   2133   1341
  3495 :    941   2122   1060
  3496 :   1659   2124    356
  3497 :     21    487     20
  3498 :    176   1678    492
  3499 :    229   2123    431
  3500 :    483   2101    165
  3501 :   2094   2104    968
  3502 :    335   2124    460
  3503 :    356   2124    336
  3504 :   1161   2135   1082
  3505 :    142   2141    141
  3506 :   1454   2147   1477
  3507 :   1432   2323    365
  3508 :    319   2126    371
  3509 :   1459   2138   1230
  3510 :   1228   2138   1784
  3511 :    336   2124    335
  3512 :   1281   2127    825
  3513 :    525   2152   1667
  3514 :   1980   2131   2084
  3515 :   2084   2131   1645
  3516 :   1162   2095   1056
  3517 :   1528   2139    929
  3518 :    464   2265   1791
  3519 :     19   2059    458
  3520 :   1645   2131    927
  3521 :   1220   2125   1362
  3522 :   1475   2134   1476
  3523 :    320   2126    319
  3524 :   1444   2345    379
  3525 :   2033   2137   2086
  3526 :   2143   2145   1314
  3527 :    194   2168    193
  3528 :   1320   2136   2131
  3529 :   1910   2128   2066
  3530 :   2014   2294   1448
  3531 :    825   2127    929
  3532 :   1511   2148   1512
  3533 :   1320   2131   1980
  3534 :   2065   2155   2146
  3535 :   1147   2130   1149
  3536 :   1130   2139   1380
  3537 :   2110   2126    320
  3538 :   2066   2128    501
  3539 :   2131   2136    927
  3540 :   1639   2159   1641
  3541 :   1262   2132   1260
  3542 :    468   2132   2118
  3543 :    487   2059     20
  3544 :   1890   2369   1583
  3545 :   1566   2154   1568
  3546 :   1467   2152   1470
  3547 :    864   2145    969
  3548 :   1298   2133   1940
  3549 :   1624   2143    974
  3550 :   1205   2149   1486
  3551 :    923   2140   1129
  3552 :   2136   2142   1517
  3553 :   1172   2151   1136
  3554 :   1138   2151   1864
  3555 :   2065   2146   1913
  3556 :   1128   2165   2128
  3557 :   1082   2135   1098
  3558 :    537   2153    539
  3559 :   1573   2148    402
  3560 :   2035   2137   2033
  3561 :   1444   2334    448
  3562 :   1569   2158   2154
  3563 :    927   2136    963
  3564 :   1230   2138   1228
  3565 :   1381   2149   1983
  3566 :   1466   2152   1467
  3567 :    929   2139   2091
  3568 :   1597   2162   1594
  3569 :   1750   2156   1059
  3570 :   1538   2288   1213
  3571 :    409   2150    259
  3572 :    258   2150    471
  3573 :   1129   2140   1698
  3574 :    846   2158    559
  3575 :   1273   2160   1737
  3576 :   1312   2361   1627
  3577 :    141   2141    425
  3578 :   1568   2155   1573
  3579 :    369   2157    304
  3580 :   1576   2170     99
  3581 :   2128   2165   1572
  3582 :   2091   2139   1130
  3583 :   1447   2363    421
  3584 :    967   2142   1320
  3585 :   1546   2334   2258
  3586 :    363   2193   1503
  3587 :    178   2168    177
  3588 :    155   2166    472
  3589 :    439   2166    156
  3590 :   2146   2155   1568
  3591 :    303   2157   2112
  3592 :    967   2143   2142
  3593 :    289   2161    380
  3594 :    485   2159   1639
  3595 :     98   2170    397
  3596 :    974   2143    967
  3597 :    398   2171   1580
  3598 :   1314   2145    864
  3599 :   1320   2142   2136
  3600 :   1913   2146    846
  3601 :   1667   2152   1466
  3602 :    172   2169    491
  3603 :    416   2167    249
  3604 :   1568   2154   2146
  3605 :    493   2169    173
  3606 :   1983   2149   1205
  3607 :   1023   2354   1603
  3608 :    259   2150    258
  3609 :   1136   2151   1138
  3610 :   1807   2234    414
  3611 :   1550   2181   1548
  3612 :    385   2187   1864
  3613 :    183    494    188
  3614 :   1569   2154   1566
  3615 :   1022   2153    537
  3616 :    370   2175   1554
  3617 :   1448   2364   2014
  3618 :   2132   2164   2118
  3619 :    365   2323   2291
  3620 :   1264   2164   1262
  3621 :   1059   2156   1425
  3622 :    304   2157    303
  3623 :   1512   2155   2065
  3624 :    458   2341   1518
  3625 :    461   2204   1494
  3626 :   1651   2159    485
  3627 :   1262   2164   2132
  3628 :    406   2172    291
  3629 :    559   2158    558
  3630 :   1735   2160   1273
  3631 :   2184   2267    489
  3632 :     23   2179     22
  3633 :   2158   2163    558
  3634 :   1609   2192   2088
  3635 :    187    494    184
  3636 :    419   2398   1438
  3637 :    290   2161    289
  3638 :   1407   2284   1464
  3639 :   1594   2162   1643
  3640 :   2056   2185    435
  3641 :    558   2163   1924
  3642 :   2125   2208   1362
  3643 :   1373   2180   1146
  3644 :   1057   2175   1866
  3645 :    282   2177    407
  3646 :   1222   2188   2125
  3647 :    422   2176     10
  3648 :    215   2178    214
  3649 :    435   2390   2054
  3650 :   1474   2186   1473
  3651 :   2163   2165   1924
  3652 :   1336   2189   1397
  3653 :   1801   2186   1797
  3654 :   1416   2189   1333
  3655 :     89   2187    385
  3656 :    407   2177   2092
  3657 :   1559   2200   1661
  3658 :    239   2182    238
  3659 :   1493   2174   1492
  3660 :      9   2176    477
  3661 :   1924   2165   1128
  3662 :   2118   2164    388
  3663 :   2115   2177    283
  3664 :   2044   2351    491
  3665 :    156   2166    155
  3666 :   2146   2154    846
  3667 :   1559   2366   2200
  3668 :   1503   2193   1364
  3669 :   1151   2183   2005
  3670 :    435   2185    222
  3671 :   1857   2191   1166
  3672 :     61   2193     60
  3673 :   1321   2188   1224
  3674 :   2125   2188    406
  3675 :      8   2184      7
  3676 :   1264   2173   2164
  3677 :   1778   2190   1152
  3678 :    366   2196   1495
  3679 :   1154   2190   1791
  3680 :    173   2169    172
  3681 :   1546   2202   1545
  3682 :    249   2167    248
  3683 :    177   2168   1678
  3684 :     62   2195     61
  3685 :   2183   2264   2005
  3686 :    365   2291   2111
  3687 :   2037   2218   2123
  3688 :    452   2200   1562
  3689 :   1372   2198   1197
  3690 :   1579   2171    398
  3691 :    377   2202   1584
  3692 :     99   2170     98
  3693 :   1365   2185   2056
  3694 :    313   2194    364
  3695 :    481   2386   1640
  3696 :   1640   2386    479
  3697 :   2008   2199     12
  3698 :   1423   2337   1575
  3699 :   1207   2201   1134
  3700 :   1963   2238    556
  3701 :   2208   2225   1362
  3702 :    457   2203     38
  3703 :     11   2199    422
  3704 :     37   2203    359
  3705 :   1507   2329   1519
  3706 :   2164   2173    388
  3707 :   1143   2207   1000
  3708 :    290   2172   2161
  3709 :   1585   2366   1560
  3710 :    235   2206    427
  3711 :    412   2227   1519
  3712 :    331   2204    461
  3713 :    357   2204    332
  3714 :   1864   2187   1367
  3715 :   1777   2209   1284
  3716 :   1677   2209   1412
  3717 :   2087   2192    476
  3718 :   1035   2210   1036
  3719 :   1039   2210   1213
  3720 :   2267   2353    489
  3721 :   1533   2248     15
  3722 :   2102   2206    236
  3723 :   1266   2173   1264
  3724 :   1552   2221   1553
  3725 :    292   2208    406
  3726 :   1575   2358   1423
  3727 :    488   2212   1651
  3728 :   1506   2211    462
  3729 :    937   2303   1808
  3730 :   2051   2196   1174
  3731 :    462   2211    326
  3732 :    325   2211    361
  3733 :    207   2213    479
  3734 :    403   2201   2110
  3735 :     24   2223    478
  3736 :    217   2216    437
  3737 :    247   2214    418
  3738 :   1133   2218   2036
  3739 :   1865   2385   1035
  3740 :    426   2223     25
  3741 :    406   2208   2125
  3742 :    153   2220    434
  3743 :    472   2220    154
  3744 :   1060   2314   1385
  3745 :    291   2172    290
  3746 :   1385   2314   2241
  3747 :   2093   2213    208
  3748 :   2097   2216    218
  3749 :   2024   2319   2272
  3750 :   1544   2191    446
  3751 :    443   2224     91
  3752 :   1610   2192   1609
  3753 :   1519   2329    412
  3754 :   1201   2222   1431
  3755 :    446   2191   2083
  3756 :    220   2226    438
  3757 :    388   2173   2117
  3758 :   1658   2207   1659
  3759 :   1654   2255   1658
  3760 :   1476   2205   1428
  3761 :     71   2237   1516
  3762 :    382   2225    294
  3763 :   1432   2359    463
  3764 :     53   2231     52
  3765 :    471   2228    257
  3766 :    256   2228    394
  3767 :   1408   2376   1524
  3768 :   1554   2175   1555
  3769 :     17   2227    412
  3770 :     10   2176      9
  3771 :    458   2227     18
  3772 :    954   2205   2002
  3773 :    464   2229    306
  3774 :    305   2229    369
  3775 :   1561   2241    367
  3776 :   1551   2181   1550
  3777 :    239   2319   2182
  3778 :   1428   2205   1722
  3779 :    283   2177    282
  3780 :    944   2313   1493
  3781 :   1331   2239   1416
  3782 :     72   2237     71
  3783 :   1429   2239   1329
  3784 :   2002   2230   1126
  3785 :    214   2178    474
  3786 :   1369   2360   1611
  3787 :   2036   2218   2037
  3788 :   1968   2233   1407
  3789 :   1611   2331   1369
  3790 :    252   2234    251
  3791 :   1744   2240   1169
  3792 :   1369   2275   1368
  3793 :    478   2179     23
  3794 :   1146   2180   1312
  3795 :    197   2245    490
  3796 :   1538   2252   1537
  3797 :    486   2245    198
  3798 :   1218   2243   1216
  3799 :   1438   2262   1440
  3800 :    238   2182    424
  3801 :   2187   2224   1367
  3802 :   2218   2263   2123
  3803 :    442   2247    102
  3804 :    101   2247    387
  3805 :    215   2395   2178
  3806 :    382   2243   2225
  3807 :   1268   2197   1266
  3808 :   2055   2233   2061
  3809 :   1216   2260   1212
  3810 :      0   2335    355
  3811 :   1176   2246   1410
  3812 :   1361   2341   2219
  3813 :    404   2242    315
  3814 :    445   2252   1541
  3815 :   1365   2226   2185
  3816 :    564   2250    850
  3817 :    937   2250    562
  3818 :   1179   2251   1855
  3819 :   1797   2186   1474
  3820 :      7   2335      0
  3821 :   1266   2197   2173
  3822 :   1513   2300   1359
  3823 :   1417   2183   1151
  3824 :   2167   2214    248
  3825 :    477   2184      8
  3826 :    418   2264   2183
  3827 :   1203   2256   1413
  3828 :   2200   2366   1145
  3829 :   1497   2379    430
  3830 :   1776   2404    405
  3831 :    324   2253    323
  3832 :    222   2185    221
  3833 :   1396   2376   1408
  3834 :   1170   2258   1112
  3835 :   1114   2258   1366
  3836 :   1395   2262   1438
  3837 :    357   2244   2204
  3838 :   1750   2290   2156
  3839 :   1798   2261   1801
  3840 :   1804   2261   1800
  3841 :   2171   2375   1580
  3842 :     90   2187     89
  3843 :   1791   2265   1790
  3844 :   1224   2188   1222
  3845 :   1333   2189   1336
  3846 :   1163   2217   1344
  3847 :    434   2266    152
  3848 :   1960   2264   1961
  3849 :     15   2248     14
  3850 :   2251   2280   1855
  3851 :   1312   2296   1528
  3852 :   1549   2282   1647
  3853 :   1175   2244   1325
  3854 :   1495   2196   2051
  3855 :   1152   2190   1154
  3856 :   2173   2197   2117
  3857 :   2083   2191   1857
  3858 :   2088   2192   2087
  3859 :   2137   2269   2086
  3860 :     60   2193    363
  3861 :   1364   2257   1167
  3862 :   1210   2270   1446
  3863 :   1431   2270   1208
  3864 :   2068   2307    426
  3865 :   1268   2215   2197
  3866 :    527   2262   2043
  3867 :   1206   2269   1343
  3868 :   1379   2352   1532
  3869 :   1928   2273   1396
  3870 :   1666   2196    366
  3871 :   1462   2388   1493
  3872 :    314   2194    313
  3873 :   2140   2342   1070
  3874 :   1166   2235   1861
  3875 :   1488   2356    455
  3876 :    399   2195     62
  3877 :    403   2256   2201
  3878 :     33   2276    374
  3879 :    455   2276     34
  3880 :     12   2199     11
  3881 :   1197   2198   1199
  3882 :   1602   2286    148
  3883 :   2191   2235   1166
  3884 :    430   2286   1499
  3885 :    150   2281    432
  3886 :    373   2306   1526
  3887 :   2117   2197    469
  3888 :    427   2269   2137
  3889 :   2048   2377   2283
  3890 :   1402   2285   1400
  3891 :   1581   2297    399
  3892 :    395   2289    104
  3893 :    103   2289    442
  3894 :   2095   2217   1163
  3895 :    147   2286    430
  3896 :   2156   2290    404
  3897 :    436   2217   2095
  3898 :    426   2381   2068
  3899 :    227   2284    226
  3900 :   1702   2290   1323
  3901 :   1213   2288   1041
  3902 :   1661   2200    452
  3903 :   2260   2277   1212
  3904 :   2048   2283   1326
  3905 :   1437   2391   1574
  3906 :   1212   2277   1748
  3907 :    227   2392   1464
  3908 :   2178   2395   1424
  3909 :   1178   2295   1177
  3910 :   1134   2201   1786
  3911 :   1585   2311    992
  3912 :   2159   2212    482
  3913 :   1545   2202    377
  3914 :   2182   2319   2024
  3915 :   1574   2406   1437
  3916 :     52   2310     51
  3917 :   2287   2314   1060
  3918 :    340   2306    373
  3919 :     38   2203     37
  3920 :   2105   2295   1178
  3921 :   1023   2268   1499
  3922 :    394   2293    255
  3923 :    332   2204    331
  3924 :    182   2367    181
  3925 :   1443   2356   1381
  3926 :   1656   2342   2140
  3927 :    418   2305    246
  3928 :   1351   2307   2068
  3929 :   1270   2215   1268
  3930 :   2021   2294   2014
  3931 :   1018   2318   1631
  3932 :    990   2311    996
  3933 :   1023   2318   1016
  3934 :   1646   2375   1539
  3935 :   1722   2205    954
  3936 :   1533   2329   1374
  3937 :    414   2336   1805
  3938 :    323   2302    322
  3939 :   1054   2375   2171
  3940 :   1540   2385    376
  3941 :   1424   2301   1337
  3942 :   1098   2313   1719
  3943 :    370   2246   2175
  3944 :    190   2367    189
  3945 :    236   2206    235
  3946 :   1575   2337    106
  3947 :   1558   2382   1560
  3948 :   1335   2301   2070
  3949 :   1498   2365   1497
  3950 :   1446   2317   1345
  3951 :   1347   2317   1423
  3952 :   1414   2307   1353
  3953 :    433   2315    225
  3954 :   2196   2271   1174
  3955 :   1000   2207    999
  3956 :    376   2385   1865
  3957 :   2197   2215    469
  3958 :    178   2236   2168
  3959 :    421   2319    240
  3960 :    391   2374   1627
  3961 :   1574   2391    109
  3962 :     90   2224   2187
  3963 :    105   2337    395
  3964 :   1806   2384   1812
  3965 :    251   2320    250
  3966 :   2243   2260   1216
  3967 :   1693   2339    456
  3968 :   1284   2209   1677
  3969 :    174   2321    493
  3970 :    379   2345     69
  3971 :     68   2345    448
  3972 :   1045   2333   1054
  3973 :    492   2321    175
  3974 :    293   2208    292
  3975 :    427   2328    234
  3976 :     26   2381    426
  3977 :    179   2236    178
  3978 :   1626   2361    454
  3979 :    490   2397    196
  3980 :   2185   2226    221
  3981 :   1338   2360   1369
  3982 :   1373   2355   1685
  3983 :   1342   2325   2045
  3984 :   1036   2210   1039
  3985 :   1437   2406   1390
  3986 :    488   2278   2212
  3987 :    108   2391    389
  3988 :    261   2330    260
  3989 :   1008   2365   1010
  3990 :   1497   2365   1058
  3991 :    241   2343    421
  3992 :   1340   2350    975
  3993 :    253   2336    414
  3994 :    144   2396    428
  3995 :   1607   2331   1611
  3996 :   1385   2372   1832
  3997 :    482   2212   2062
  3998 :   2198   2222   1199
  3999 :   1423   2358   1349
  4000 :    316   2340    404
  4001 :   2277   2304   1748
  4002 :    326   2211    325
  4003 :    944   2388    943
  4004 :   1026   2388   1462
  4005 :    850   2384   1802
  4006 :    205   2386    481
  4007 :   1413   2368   1371
  4008 :    479   2386    206
  4009 :   1803   2384   1806
  4010 :    437   2395    216
  4011 :    430   2379    146
  4012 :    245   2347    244
  4013 :    401   2378    342
  4014 :   1388   2373   1437
  4015 :    232   2393    429
  4016 :    223   2390    435
  4017 :    390   2348    262
  4018 :    299   2349    381
  4019 :   1525   2217    436
  4020 :    463   2359    310
  4021 :    309   2359    365
  4022 :    301   2362    300
  4023 :    371   2387    318
  4024 :   2137   2328    427
  4025 :     22   2346      6
  4026 :   2235   2279   1861
  4027 :   2068   2381   1496
  4028 :    457   2273   2203
  4029 :    248   2214    247
  4030 :    208   2213    207
  4031 :    218   2216    217
  4032 :      6   2346     21
  4033 :    443   2251   2224
  4034 :   2014   2364    527
  4035 :   1494   2244   1175
  4036 :   2156   2340   1425
  4037 :   1526   2306   1427
  4038 :    469   2215   2119
  4039 :   2035   2328   2137
  4040 :   2192   2259    476
  4041 :   2040   2218   1133
  4042 :   1695   2383    460
  4043 :    154   2220    153
  4044 :    293   2225   2208
  4045 :   1315   2232   1270
  4046 :    404   2340   2156
  4047 :    476   2259   2085
  4048 :    487   2219   2059
  4049 :   1270   2232   2215
  4050 :    314   2242   2194
  4051 :    362   2221   1552
  4052 :   1010   2268   1012
  4053 :   1748   2304   1339
  4054 :   2238   2303   1914
  4055 :   2139   2296   1380
  4056 :    361   2357   1793
  4057 :   2340   2387   1425
  4058 :   2178   2275    474
  4059 :   2168   2236    193
  4060 :   1199   2222   1201
  4061 :   1651   2212   2159
  4062 :   2204   2244   1494
  4063 :     25   2223     24
  4064 :   1810   2234   1807
  4065 :   2174   2313   1098
  4066 :   2195   2257   1364
  4067 :     91   2224     90
  4068 :    294   2225    293
  4069 :    374   2295   2105
  4070 :    221   2226    220
  4071 :     18   2227     17
  4072 :    257   2228    256
  4073 :   1602   2354   2286
  4074 :   2246   2310   1410
  4075 :   1793   2368    361
  4076 :   2201   2256   1786
  4077 :    424   2399   2103
  4078 :   1315   2254   2232
  4079 :   2183   2305    418
  4080 :   1325   2309   1696
  4081 :   1855   2280   1322
  4082 :    306   2229    305
  4083 :   1544   2235   2191
  4084 :   1666   2271   2196
  4085 :    454   2361   2180
  4086 :   2215   2232   2119
  4087 :   2175   2246   1866
  4088 :   2225   2243   1362
  4089 :   2035   2393   2328
  4090 :   1126   2230   2006
  4091 :    450   2231     53
  4092 :   1620   2299   1619
  4093 :   1811   2238   1963
  4094 :   1987   2342   1656
  4095 :    179   2312   2236
  4096 :    372   2235   1544
  4097 :   2304   2327   1339
  4098 :   1665   2278    488
  4099 :   1363   2400   1881
  4100 :   2119   2232    393
  4101 :   1339   2327   1744
  4102 :   1317   2254   1315
  4103 :   2061   2233   1968
  4104 :   2280   2316   1322
  4105 :    414   2234    252
  4106 :   2040   2263   2218
  4107 :   1384   2394   1534
  4108 :   2306   2378   1427
  4109 :   2123   2263    431
  4110 :    193   2236    192
  4111 :    446   2237     72
  4112 :   1809   2238   1811
  4113 :    489   2353   1525
  4114 :   2256   2302   1413
  4115 :   1329   2239   1331
  4116 :   1562   2241   1561
  4117 :   1610   2259   2192
  4118 :   1169   2240   1775
  4119 :   1861   2279   1324
  4120 :    188   2249    183
  4121 :   2244   2309   1325
  4122 :   1012   2268   1023
  4123 :    315   2242    314
  4124 :   2232   2254    393
  4125 :   1362   2243   1218
  4126 :   2259   2324   2085
  4127 :     14   2248    375
  4128 :    198   2245    197
  4129 :   1866   2246   1176
  4130 :    102   2247    101
  4131 :   1532   2248   1533
  4132 :   1518   2341   1361
  4133 :   1603   2354   1602
  4134 :   2149   2356   1488
  4135 :    362   2282   2221
  4136 :   1537   2252    445
  4137 :   2097   2377   1334
  4138 :   2134   2308   1476
  4139 :   2203   2273   1487
  4140 :   1174   2271   1393
  4141 :    562   2250    564
  4142 :   1367   2251   1179
  4143 :    361   2253    324
  4144 :   1375   2274   1317
  4145 :   2212   2278   2062
  4146 :   1167   2257   1382
  4147 :   2241   2372   1385
  4148 :    443   2280   2251
  4149 :   1317   2274   2254
  4150 :    372   2279   2235
  4151 :   1405   2401   1445
  4152 :   2272   2363   2294
  4153 :    393   2254   2120
  4154 :   2279   2326   1324
  4155 :   1655   2255   1654
  4156 :   2182   2399    424
  4157 :    360   2308   2134
  4158 :   1786   2256   1203
  4159 :   1665   2351   2278
  4160 :   1112   2258   1114
  4161 :   1322   2316   1870
  4162 :   1613   2259   1610
  4163 :    381   2349   2240
  4164 :    450   2298   2231
  4165 :   2253   2368   1413
  4166 :   1800   2261   1798
  4167 :   2043   2262   1395
  4168 :   2114   2260    382
  4169 :   2045   2263   2040
  4170 :   1790   2265   1276
  4171 :   2005   2264   1960
  4172 :   1375   2292   2274
  4173 :   2283   2377    438
  4174 :    152   2266    151
  4175 :   2309   2383   1696
  4176 :   1499   2354   1023
  4177 :   2219   2341   2059
  4178 :   1499   2268   1498
  4179 :   1438   2398   1394
  4180 :   1144   2372   1562
  4181 :   2316   2344   1870
  4182 :    999   2332    921
  4183 :   2236   2312    192
  4184 :   2224   2251   1367
  4185 :   1208   2270   1210
  4186 :    382   2260   2243
  4187 :    182   2249    189
  4188 :   1523   2287   1522
  4189 :   2254   2274   2120
  4190 :    456   2271   1666
  4191 :   2086   2269   1206
  4192 :   2199   2300    422
  4193 :   2226   2283    438
  4194 :   2266   2281    151
  4195 :   1377   2292   1375
  4196 :   2024   2272   2022
  4197 :   1487   2273   1928
  4198 :   1809   2303   2238
  4199 :   2291   2323   1777
  4200 :    360   2355   2308
  4201 :   2023   2399   2024
  4202 :    474   2275   2088
  4203 :   1417   2305   2183
  4204 :    228   2392    227
  4205 :   2285   2348    390
  4206 :   2120   2274    470
  4207 :   2265   2291   1276
  4208 :   2114   2277   2260
  4209 :   1543   2279    372
  4210 :    921   2332    923
  4211 :     34   2276     33
  4212 :    180   2312    179
  4213 :    181   2367    190
  4214 :   2062   2278    484
  4215 :   2085   2324    480
  4216 :    465   2277   2114
  4217 :    409   2401   1471
  4218 :   1536   2280    443
  4219 :   2272   2294   2022
  4220 :   1324   2326   1863
  4221 :    151   2281    150
  4222 :   1870   2344   1370
  4223 :   1647   2282    362
  4224 :   2274   2292    470
  4225 :   1613   2324   2259
  4226 :    226   2284    433
  4227 :   1145   2366   1585
  4228 :    367   2314   1523
  4229 :   1326   2283   1365
  4230 :   1445   2285   1402
  4231 :   1382   2369   1844
  4232 :   1696   2383   1695
  4233 :    148   2286    147
  4234 :   2344   2371   1370
  4235 :   1400   2322   1377
  4236 :    465   2304   2277
  4237 :   1536   2316   2280
  4238 :   1377   2322   2292
  4239 :   1323   2290   1750
  4240 :   1041   2288   1043
  4241 :    104   2289    103
  4242 :    527   2364   2262
  4243 :   1844   2369   1890
  4244 :   1808   2303   1809
  4245 :   1642   2299   1620
  4246 :   1543   2326   2279
  4247 :   1276   2291   1777
  4248 :    255   2293    254
  4249 :    370   2310   2246
  4250 :   1553   2298    450
  4251 :   2022   2294   2021
  4252 :   1177   2295   1443
  4253 :   1583   2297   1581
  4254 :   1359   2300   1360
  4255 :   2326   2370   1863
  4256 :    399   2257   2195
  4257 :    470   2292   2121
  4258 :    180   2380   2312
  4259 :   2179   2346     22
  4260 :   1914   2303    937
  4261 :    322   2302    403
  4262 :   1774   2404   1776
  4263 :   1337   2301   1335
  4264 :    246   2305    245
  4265 :    491   2351   1665
  4266 :    341   2306    340
  4267 :   1501   2352   1379
  4268 :   1777   2323   2209
  4269 :   2278   2351    484
  4270 :   2113   2304    465
  4271 :   1353   2307   1351
  4272 :    477   2267   2184
  4273 :   2093   2389   1617
  4274 :    357   2309   2244
  4275 :     51   2310    370
  4276 :   2324   2389    480
  4277 :   2273   2376   1396
  4278 :   2180   2361   1312
  4279 :    384   2316   1536
  4280 :   1476   2308   2230
  4281 :   1528   2296   2139
  4282 :    992   2311    990
  4283 :    192   2312    191
  4284 :   2109   2309    357
  4285 :   2288   2333   1043
  4286 :   1334   2377   2048
  4287 :   1719   2313    944
  4288 :   2332   2403    923
  4289 :   2024   2399   2182
  4290 :    225   2315    224
  4291 :   1370   2371   1871
  4292 :   2298   2400   1363
  4293 :   1345   2317   1347
  4294 :   1685   2355    360
  4295 :   1016   2318   1018
  4296 :    240   2319    239
  4297 :   2293   2336    254
  4298 :   2211   2357    361
  4299 :   2292   2322   2121
  4300 :    250   2320    416
  4301 :   2371   2394   1871
  4302 :    175   2321    174
  4303 :    384   2344   2316
  4304 :   1615   2324   1613
  4305 :   1360   2300   2199
  4306 :   1863   2370   1383
  4307 :   2113   2327   2304
  4308 :    447   2326   1543
  4309 :   2121   2322    390
  4310 :    190   2380    181
  4311 :   1464   2325   1342
  4312 :   1775   2404   1774
  4313 :    355   2335    489
  4314 :   1524   2376    457
  4315 :   1631   2338   1430
  4316 :    234   2328    233
  4317 :   1374   2329   1507
  4318 :    381   2327   2113
  4319 :    341   2378   2306
  4320 :    448   2334   1546
  4321 :    260   2330    409
  4322 :   2286   2354   1499
  4323 :   2370   2405   1383
  4324 :   1609   2331   1607
  4325 :   1043   2333   1045
  4326 :   1366   2334   1444
  4327 :   2312   2380    191
  4328 :    403   2302   2256
  4329 :    254   2336    253
  4330 :    106   2337    105
  4331 :   2308   2355   2006
  4332 :   1644   2402    478
  4333 :    432   2338   1603
  4334 :    317   2340    316
  4335 :   1871   2394   1384
  4336 :    447   2370   2326
  4337 :   1070   2342   1822
  4338 :    431   2392    228
  4339 :    242   2343    241
  4340 :   2105   2339   1693
  4341 :   2315   2390    224
  4342 :   2184   2335      7
  4343 :   1535   2344    384
  4344 :     69   2345     68
  4345 :    480   2389   2093
  4346 :   1535   2371   2344
  4347 :    244   2347    419
  4348 :   2059   2341    458
  4349 :    923   2403   2140
  4350 :    262   2348    261
  4351 :    300   2349    299
  4352 :   1615   2389   2324
  4353 :    484   2351   2044
  4354 :   1493   2313   2174
  4355 :   2109   2383   2309
  4356 :    975   2350    977
  4357 :   1556   2382   1558
  4358 :    181   2380    180
  4359 :   1397   2360   1338
  4360 :   1394   2398   1417
  4361 :   1627   2361   1626
  4362 :     21   2346    487
  4363 :   2140   2403   1656
  4364 :   2328   2393    233
  4365 :   1349   2358   1386
  4366 :    310   2359    309
  4367 :    487   2346   2179
  4368 :   2006   2355   1373
  4369 :   1542   2370    447
  4370 :    405   2362    301
  4371 :   1381   2356   2149
  4372 :   1440   2364   1448
  4373 :    444   2371   1535
  4374 :   1448   2363   1447
  4375 :   1623   2374    391
  4376 :   2103   2399   2023
  4377 :   1058   2365   1008
  4378 :    317   2387   2340
  4379 :   1560   2366   1559
  4380 :   1365   2283   2226
  4381 :   1865   2405    376
  4382 :   2358   2373   1386
  4383 :   1371   2368   1793
  4384 :   1542   2405   2370
  4385 :   1471   2401   1405
  4386 :   1383   2405   1865
  4387 :   1832   2372   1144
  4388 :    444   2394   2371
  4389 :   1386   2373   1388
  4390 :   1580   2375   1646
  4391 :   1655   2403   2332
  4392 :    191   2380    190
  4393 :   1881   2400   2133
  4394 :    342   2378    341
  4395 :     27   2381     26
  4396 :    146   2379    145
  4397 :   2379   2396    145
  4398 :   2217   2353   1344
  4399 :   1802   2384   1803
  4400 :    438   2377   2097
  4401 :    206   2386    205
  4402 :   2294   2363   1448
  4403 :   1541   2385   1540
  4404 :   2255   2332    999
  4405 :    943   2388   1026
  4406 :    318   2387    317
  4407 :    224   2390    223
  4408 :   1445   2401   2330
  4409 :    196   2397    195
  4410 :    109   2391    108
  4411 :    233   2393    232
  4412 :    216   2395    215
  4413 :   1534   2394    444
  4414 :    145   2396    144
  4415 :   1617   2389   1615
  4416 :    376   2405   1542
  4417 :   1390   2406   1418
  4418 :   1656   2403   1655
  4419 :    460   2383   2109
  4420 :   2133   2400   1553
  4421 :   1523   2314   2287
  4422 :   2209   2323   1432
  4423 :    189   2367    182
  4424 :   2240   2349   1775
  4425 :    489   2335   2184
  4426 :   2230   2308   2006
  4427 :   1525   2353   2217
  4428 :   2262   2364   1440
  4429 :   2297   2369   1382
  4430 :   1506   2357   2211
  4431 :    421   2363   2272
  4432 :    478   2402   2179
  4433 :   1562   2372   2241
  4434 :   1655   2332   2255
  4435 :    361   2368   2253
  4436 :    457   2376   2273
  4437 :   2219   2402   1644
  4438 :   1344   2353   2267
  4439 :   1445   2348   2285
  4440 :   2362   2404   1775
  4441 :   2325   2392    431
  4442 :   1583   2369   2297
  4443 :   1417   2398   2347
  4444 :   1553   2400   2298
  4445 :   1464   2392   2325
  4446 :   2330   2401    409
  4447 :   2347   2398    419
  4448 :    405   2404   2362
  4449 :    183   2249    182
  4450 :    184    494    183
  4451 :    188    494    187
  4452 :    189   2249    188
  4453 :      2    186    185
  4454 :    185    186    184
  4455 :    186    187    184
Number of domains 7
  Domain :      0 
  Name : Bottom
  Number of elements :     16
     0     1     2     3     4     5     6     7     8     9
    10    11    12    13    14    15
  Domain :      1 
  Name : Poignée coté droit
  Number of elements :     20
    16    17    18    19    20    21    22    23    24    25
    26    27    28    29    30    31    32    33    34    35
  Domain :      2 
  Name : Right
  Number of elements :     86
    36    37    38    39    40    41    42    43    44    45
    46    47    48    49    50    51    52    53    54    55
    56    57    58    59    60    61    62    63    64    65
    66    67    68    69    70    71    72    73    74    75
    76    77    78    79    80    81    82    83    84    85
    86    87    88    89    90    91    92    93    94    95
    96    97    98    99   100   101   102   103   104   105
   106   107   108   109   110   111   112   113   114   115
   116   117   118   119   120   121
  Domain :      3 
  Name : Corde
  Number of elements :      1
   122
  Domain :      4 
  Name : Top right
  Number of elements :     61
   123   124   125   126   127   128   129   130   131   132
   133   134   135   136   137   138   139   140   141   142
   143   144   145   146   147   148   149   150   151   152
   153   154   155   156   157   158   159   160   161   162
   163   164   165   166   167   168   169   170   171   172
   173   174   175   176   177   178   179   180   181   182
   183
  Domain :      5 
  Name : Top left
  Number of elements :    152
   184   185   186   187   188   189   190   191   192   193
   194   195   196   197   198   199   200   201   202   203
   204   205   206   207   208   209   210   211   212   213
   214   215   216   217   218   219   220   221   222   223
   224   225   226   227   228   229   230   231   232   233
   234   235   236   237   238   239   240   241   242   243
   244   245   246   247   248   249   250   251   252   253
   254   255   256   257   258   259   260   261   262   263
   264   265   266   267   268   269   270   271   272   273
   274   275   276   277   278   279   280   281   282   283
   284   285   286   287   288   289   290   291   292   293
   294   295   296   297   298   299   300   301   302   303
   304   305   306   307   308   309   310   311   312   313
   314   315   316   317   318   319   320   321   322   323
   324   325   326   327   328   329   330   331   332   333
   334   335
  Domain :      6 
  Name : Poignée coté gauche
  Number of elements :     20
   336   337   338   339   340   341   342   343   344   345
   346   347   348   349   350   351   352   353   354   355
